https://raw.githubusercontent.com/UniversalDependencies/UD_Afrikaans-AfriBooms/r2.10/af_afribooms-ud-dev.conllu	329142	30c679441bb76e02496e43e19dcfeb52b8573fcf6aae72d16ef7147fde16e955	af_afribooms-ud-dev.conllu
https://raw.githubusercontent.com/UniversalDependencies/UD_Afrikaans-AfriBooms/r2.10/af_afribooms-ud-test.conllu	633696	b3f2adf87c0f6fa2ac50a6cac336127e67f42274887108c84fd7b788a11f1a1f	af_afribooms-ud-test.conllu
https://raw.githubusercontent.com/UniversalDependencies/UD_Afrikaans-AfriBooms/r2.10/af_afribooms-ud-train.conllu	2125899	881f4e4317fb0541da7af770642942db637d7dfa047d525bb7e81bbd7933ef02	af_afribooms-ud-train.conllu
https://raw.githubusercontent.com/UniversalDependencies/UD_Akkadian-PISANDUB/r2.10/akk_pisandub-ud-test.conllu	101792	2b8dbee244e3c8181c7176ea00e576fc7ee7c0a88f3a1ce37e1ef49ab27cfd6f	akk_pisandub-ud-test.conllu
https://raw.githubusercontent.com/UniversalDependencies/UD_Akkadian-RIAO/r2.10/akk_riao-ud-test.conllu	1963519	cd87b1a616875f838395ee0499505389b2f9b9e521e3272907b1b4b419635cf0	akk_riao-ud-test.conllu
https://raw.githubusercontent.com/UniversalDependencies/UD_Akuntsu-TuDeT/r2.10/aqz_tudet-ud-test.conllu	68869	a5436f975257dfa5671b4753022fe0f92f815c2e751cd92e991397e42bf72689	aqz_tudet-ud-test.conllu
https://raw.githubusercontent.com/UniversalDependencies/UD_Albanian-TSA/r2.10/sq_tsa-ud-test.conllu	63483	7b610b073d90a11737bba4f46edcb36495dbbac5dd49c4eb6877112f949775c8	sq_tsa-ud-test.conllu
https://raw.githubusercontent.com/UniversalDependencies/UD_Amharic-ATT/r2.10/am_att-ud-test.conllu	1019208	adcd19518b519a85ae8760e9ed7ebd27c393ff243c764843e8966b07817c2d10	am_att-ud-test.conllu
https://raw.githubusercontent.com/UniversalDependencies/UD_Ancient_Greek-PROIEL/r2.10/grc_proiel-ud-dev.conllu	1511324	72512bc719bb0eae212689a20b931f2c67a151a4136099a44370824382dd5ee7	grc_proiel-ud-dev.conllu
https://raw.githubusercontent.com/UniversalDependencies/UD_Ancient_Greek-PROIEL/r2.10/grc_proiel-ud-test.conllu	1463462	30a19a6eae098fa1a273cb7753e0936899f41c90628d91bdb9031809cc16e2db	grc_proiel-ud-test.conllu
https://raw.githubusercontent.com/UniversalDependencies/UD_Ancient_Greek-PROIEL/r2.10/grc_proiel-ud-train.conllu	20741045	53cce20f8e7b04d3b5243097e85d505e09e450d9662a0718875e8baa4afb57fd	grc_proiel-ud-train.conllu
https://raw.githubusercontent.com/UniversalDependencies/UD_Ancient_Greek-Perseus/r2.10/grc_perseus-ud-dev.conllu	2082009	95b3e116a719c3e3789a06124a126684624840f3e70a763447bac9ac9dfbbb12	grc_perseus-ud-dev.conllu
https://raw.githubusercontent.com/UniversalDependencies/UD_Ancient_Greek-Perseus/r2.10/grc_perseus-ud-test.conllu	1980089	9cfa23fa18e292e83ebf64de9f19e09f2b85bf95cfb09850db75c5c27b3f4c94	grc_perseus-ud-test.conllu
https://raw.githubusercontent.com/UniversalDependencies/UD_Ancient_Greek-Perseus/r2.10/grc_perseus-ud-train.conllu	14837818	0f4fcbdfe19e4f341584c1b6b8257b557ed28c50812f7e48717129e3be13e847	grc_perseus-ud-train.conllu
https://raw.githubusercontent.com/UniversalDependencies/UD_Ancient_Hebrew-PTNK/r2.10/hbo_ptnk-ud-dev.conllu	861896	aa4420d7ac954e49e18169ade89f2e145ed121f49f53054bc784e35ad0819c37	hbo_ptnk-ud-dev.conllu
https://raw.githubusercontent.com/UniversalDependencies/UD_Ancient_Hebrew-PTNK/r2.10/hbo_ptnk-ud-test.conllu	862125	f9fa7cda84f15c238b6f8214aedd32f2ed65ed00e4c3de5aab79ff7f86a4d5de	hbo_ptnk-ud-test.conllu
https://raw.githubusercontent.com/UniversalDependencies/UD_Ancient_Hebrew-PTNK/r2.10/hbo_ptnk-ud-train.conllu	1539583	88f32436d84e35788d72b3caf778089fce1ba19fc8596ce02a8ccab3bdf9c957	hbo_ptnk-ud-train.conllu
https://raw.githubusercontent.com/UniversalDependencies/UD_Apurina-UFPA/r2.10/apu_ufpa-ud-test.conllu	97802	9d5d610aa12a2353c9912680ca9eba2eb9461c849ef8d828eafb26fd51f4c83d	apu_ufpa-ud-test.conllu
https://raw.githubusercontent.com/UniversalDependencies/UD_Arabic-NYUAD/r2.10/ar_nyuad-ud-dev.conllu	5846071	db49c5cba27721e05c233be880475b82e55ff361223f56b23057b78eeedf6936	ar_nyuad-ud-dev.conllu
https://raw.githubusercontent.com/UniversalDependencies/UD_Arabic-NYUAD/r2.10/ar_nyuad-ud-test.conllu	5856617	bc4670763e0e3f282ef079b55af0c58d73ac541aafc421161eb4d904bbaca52b	ar_nyuad-ud-test.conllu
https://raw.githubusercontent.com/UniversalDependencies/UD_Arabic-NYUAD/r2.10/ar_nyuad-ud-train.conllu	46880985	b20f1f92f23879c790c22013ec1c10bc371b9925d8ba5aafb9afb6e4bad3df83	ar_nyuad-ud-train.conllu
https://raw.githubusercontent.com/UniversalDependencies/UD_Arabic-PADT/r2.10/ar_padt-ud-dev.conllu	5392475	5d127f4d9f90a7ad7f8fb08d9fdd905ee864cde74f4e460ad03873a0782e8ffc	ar_padt-ud-dev.conllu
https://raw.githubusercontent.com/UniversalDependencies/UD_Arabic-PADT/r2.10/ar_padt-ud-test.conllu	5158319	1bd262f6f3c6667476b12c8f3b4516b222abd2609556261736709d902b287d0d	ar_padt-ud-test.conllu
https://raw.githubusercontent.com/UniversalDependencies/UD_Arabic-PADT/r2.10/ar_padt-ud-train.conllu	40657370	0782d2d6ee39d23a3dc0bf95b230f9c3265e99fc80045b547faa9993b808cf02	ar_padt-ud-train.conllu
https://raw.githubusercontent.com/UniversalDependencies/UD_Arabic-PADT/r2.7/ar_padt-ud-dev.conllu	5392471	94078bdef33a6daa7ad095911b1ac8d57cd6ae3c8da5173f084951b547defba7	ar_padt-ud-dev.conllu
https://raw.githubusercontent.com/UniversalDependencies/UD_Arabic-PADT/r2.7/ar_padt-ud-test.conllu	5158351	6b7f1dfe3d92f03f9c266b6fc322352fa9e448a45570033dfe8363ccd56509ae	ar_padt-ud-test.conllu
https://raw.githubusercontent.com/UniversalDependencies/UD_Arabic-PADT/r2.7/ar_padt-ud-train.conllu	40657347	a494df56a997d15bced36ff74b435583dfd41346dce53a3c46ecd8d0a00aadea	ar_padt-ud-train.conllu
https://raw.githubusercontent.com/UniversalDependencies/UD_Arabic-PUD/r2.10/ar_pud-ud-test.conllu	2079979	51745562e7a6bc7110264b4a47f433cc2d4183cffed6127fb0ceeffb33c22068	ar_pud-ud-test.conllu
https://raw.githubusercontent.com/UniversalDependencies/UD_Arabic-PUD/r2.7/ar_pud-ud-test.conllu	2084082	a35229b853710ce9aebafa1bfa565315f631042b90510431b259e769471dda1a	ar_pud-ud-test.conllu
https://raw.githubusercontent.com/UniversalDependencies/UD_Armenian-ArmTDP/r2.10/hy_armtdp-ud-dev.conllu	710679	c792100df0d1e31c26bcf4ed03a963d1be90c5e810a8f2df22b992ef3cb4e176	hy_armtdp-ud-dev.conllu
https://raw.githubusercontent.com/UniversalDependencies/UD_Armenian-ArmTDP/r2.10/hy_armtdp-ud-test.conllu	671971	65db37cafd1244503213a131ecc88388082a3f36d439e2c3e03bfa3c8e8b6248	hy_armtdp-ud-test.conllu
https://raw.githubusercontent.com/UniversalDependencies/UD_Armenian-ArmTDP/r2.10/hy_armtdp-ud-train.conllu	5495036	d747afce045eb397c4c8e72b6c50386b227f0a588396be525707f2f84b197608	hy_armtdp-ud-train.conllu
https://raw.githubusercontent.com/UniversalDependencies/UD_Armenian-ArmTDP/r2.7/hy_armtdp-ud-dev.conllu	710921	f0a4747342fe27f118e56ce61cfad4eb40f1927eaac4ef8a58f7e7ed4e83db21	hy_armtdp-ud-dev.conllu
https://raw.githubusercontent.com/UniversalDependencies/UD_Armenian-ArmTDP/r2.7/hy_armtdp-ud-test.conllu	673347	f74b84683bf15b5825b555fb3b1c29320519351bbf928adaea327c2745b95bf2	hy_armtdp-ud-test.conllu
https://raw.githubusercontent.com/UniversalDependencies/UD_Armenian-ArmTDP/r2.7/hy_armtdp-ud-train.conllu	5502299	35dbd258265fec9530703f104b119f099ea1ca30271e9ec6d95dbcad0a7e8a30	hy_armtdp-ud-train.conllu
https://raw.githubusercontent.com/UniversalDependencies/UD_Assyrian-AS/r2.10/aii_as-ud-test.conllu	32760	3fc0829e9ae9a7314bb7c2d5f93a4c7f7daa899c5d47aaba71890e31fcdc6e0b	aii_as-ud-test.conllu
https://raw.githubusercontent.com/UniversalDependencies/UD_Assyrian-AS/r2.7/aii_as-ud-test.conllu	32639	bc83f85de7ccfd83a3f133343c37c7720e69c6552cc35c48af8d196d87f65cf9	aii_as-ud-test.conllu
https://raw.githubusercontent.com/UniversalDependencies/UD_Bambara-CRB/r2.10/bm_crb-ud-test.conllu	894334	b7397798a52228f7dec5796cacdacaf8b4ed765dc9e80b36db59852733849220	bm_crb-ud-test.conllu
https://raw.githubusercontent.com/UniversalDependencies/UD_Bambara-CRB/r2.7/bm_crb-ud-test.conllu	892924	f0b66492b13b93e951014f5295b669a75fdcd5e6adc40671ffeb128e8b98541f	bm_crb-ud-test.conllu
https://raw.githubusercontent.com/UniversalDependencies/UD_Basque-BDT/r2.10/eu_bdt-ud-dev.conllu	1625533	11c7dadcf9bd4697e5995f3e1584066f969e1cc9276f6e91b56b94314c609616	eu_bdt-ud-dev.conllu
https://raw.githubusercontent.com/UniversalDependencies/UD_Basque-BDT/r2.10/eu_bdt-ud-test.conllu	1647083	6e50eda7608c7a68c52cd94ba7dab1ff0d6f5d5059347c19ef6ebd6660f974a1	eu_bdt-ud-test.conllu
https://raw.githubusercontent.com/UniversalDependencies/UD_Basque-BDT/r2.10/eu_bdt-ud-train.conllu	4940960	1df7fc6a66e990341185990fd3f9170387fa364226e6e0deb0f41ab0ccf6d9ed	eu_bdt-ud-train.conllu
https://raw.githubusercontent.com/UniversalDependencies/UD_Basque-BDT/r2.7/eu_bdt-ud-dev.conllu	1625533	11c7dadcf9bd4697e5995f3e1584066f969e1cc9276f6e91b56b94314c609616	eu_bdt-ud-dev.conllu
https://raw.githubusercontent.com/UniversalDependencies/UD_Basque-BDT/r2.7/eu_bdt-ud-test.conllu	1647083	6e50eda7608c7a68c52cd94ba7dab1ff0d6f5d5059347c19ef6ebd6660f974a1	eu_bdt-ud-test.conllu
https://raw.githubusercontent.com/UniversalDependencies/UD_Basque-BDT/r2.7/eu_bdt-ud-train.conllu	4940960	1df7fc6a66e990341185990fd3f9170387fa364226e6e0deb0f41ab0ccf6d9ed	eu_bdt-ud-train.conllu
https://raw.githubusercontent.com/UniversalDependencies/UD_Beja-NSC/r2.10/bej_nsc-ud-test.conllu	139793	5ed64c47d82c0742c9e15ab2d920fd6aa8b0f498516de7f6f1ab62cbe3a49409	bej_nsc-ud-test.conllu
https://raw.githubusercontent.com/UniversalDependencies/UD_Belarusian-HSE/r2.10/be_hse-ud-dev.conllu	1649573	a78db7113c4887c748cfa076caa9ce5a555b7cab23169249fc010207249ea469	be_hse-ud-dev.conllu
https://raw.githubusercontent.com/UniversalDependencies/UD_Belarusian-HSE/r2.10/be_hse-ud-test.conllu	1640231	0810842d92c1dc7de946d8865d06f00115f7107c03bac9b5e26d2c47ab18d846	be_hse-ud-test.conllu
https://raw.githubusercontent.com/UniversalDependencies/UD_Belarusian-HSE/r2.10/be_hse-ud-train.conllu	28204558	760c66fe833763a8d2aaf917a76fc87c27c11d55e464e6dfd552fc3880c9d1ea	be_hse-ud-train.conllu
https://raw.githubusercontent.com/UniversalDependencies/UD_Bengali-BRU/r2.10/bn_bru-ud-test.conllu	39335	7cfe1c2677a0c19024e5e5bcee28ea3c7da579416204fdcbc7009d5532ee5080	bn_bru-ud-test.conllu
https://raw.githubusercontent.com/UniversalDependencies/UD_Bhojpuri-BHTB/r2.10/bho_bhtb-ud-test.conllu	614159	5394e0a9a97001da215ad60ccf503bed781dd428f725b66d4bfbb677e49181d3	bho_bhtb-ud-test.conllu
https://raw.githubusercontent.com/UniversalDependencies/UD_Breton-KEB/r2.10/br_keb-ud-test.conllu	679557	4f52a165c77b45f1fe58df272f91ba3e5733f32578ddb7f1087950c57594f56c	br_keb-ud-test.conllu
https://raw.githubusercontent.com/UniversalDependencies/UD_Bulgarian-BTB/r2.10/bg_btb-ud-dev.conllu	1533198	e92bd1062b4cdd4db8effea46037a2cd5bb3fbb1a53882eb16ec72d9bf498d66	bg_btb-ud-dev.conllu
https://raw.githubusercontent.com/UniversalDependencies/UD_Bulgarian-BTB/r2.10/bg_btb-ud-test.conllu	1502856	fe1a2809a5df548d3dc3c94d94b3e6d261405b893c04d3119bf28a16e322f5b4	bg_btb-ud-test.conllu
https://raw.githubusercontent.com/UniversalDependencies/UD_Bulgarian-BTB/r2.10/bg_btb-ud-train.conllu	11874548	943524c82a11f11ef5406be62bdf6b7d5a166be361b12799807bc2b1be169817	bg_btb-ud-train.conllu
https://raw.githubusercontent.com/UniversalDependencies/UD_Buryat-BDT/r2.10/bxr_bdt-ud-test.conllu	716342	dee7cb994e4f0148ee0e33a72825930ae975fbe900e6ca9f18ea5f97d9e54784	bxr_bdt-ud-test.conllu
https://raw.githubusercontent.com/UniversalDependencies/UD_Buryat-BDT/r2.10/bxr_bdt-ud-train.conllu	10931	cf977de2309061053746fc74e7896621844be76367610db359ff9063071e92e5	bxr_bdt-ud-train.conllu
https://raw.githubusercontent.com/UniversalDependencies/UD_Cantonese-HK/r2.10/yue_hk-ud-test.conllu	710024	dff02ff270cb9ac3ddf36a7eb2bc95575abad7bc0978dac7e1339e31bc42fb94	yue_hk-ud-test.conllu
https://raw.githubusercontent.com/UniversalDependencies/UD_Catalan-AnCora/r2.10/ca_ancora-ud-dev.conllu	5409593	150210df838016e580c2d55d83b0550315df13430d04299639665f9ccf6e8d41	ca_ancora-ud-dev.conllu
https://raw.githubusercontent.com/UniversalDependencies/UD_Catalan-AnCora/r2.10/ca_ancora-ud-test.conllu	5495952	447d81be99cb3b7bf0c1316b8ae7a881dff05d8392fef25da8296975af422844	ca_ancora-ud-test.conllu
https://raw.githubusercontent.com/UniversalDependencies/UD_Catalan-AnCora/r2.10/ca_ancora-ud-train.conllu	39572861	b227bb2c41c27127ccae843844eb737d2bfd55e718ff31f38c1019e29c82df92	ca_ancora-ud-train.conllu
https://raw.githubusercontent.com/UniversalDependencies/UD_Cebuano-GJA/r2.10/ceb_gja-ud-test.conllu	101682	c6aa99e7d0d55c09ffb3a0db0317a0ff9c29d969ec48094d4ff56c9ad1167c49	ceb_gja-ud-test.conllu
https://raw.githubusercontent.com/UniversalDependencies/UD_Chinese-CFL/r2.10/zh_cfl-ud-test.conllu	384725	10de55d26ac597dce751753a1771cfbd2e699324c55746ddeef687118b92e9c9	zh_cfl-ud-test.conllu
https://raw.githubusercontent.com/UniversalDependencies/UD_Chinese-GSD/r2.10/zh_gsd-ud-dev.conllu	697172	9f63313aaa899b7e696dd094295feba30abafaebc9b38ccb9f8fb293779e4d7c	zh_gsd-ud-dev.conllu
https://raw.githubusercontent.com/UniversalDependencies/UD_Chinese-GSD/r2.10/zh_gsd-ud-test.conllu	663318	a5d2ff289f1b25f3e31539b333a0221885241ffe8ebfa49253d7b9d38981a8ca	zh_gsd-ud-test.conllu
https://raw.githubusercontent.com/UniversalDependencies/UD_Chinese-GSD/r2.10/zh_gsd-ud-train.conllu	5438584	b0a975311db2f22d8a85c8fc2877dffd8b34e67d8a91ac038de73870d503c6b5	zh_gsd-ud-train.conllu
https://raw.githubusercontent.com/UniversalDependencies/UD_Chinese-GSDSimp/r2.10/zh_gsdsimp-ud-dev.conllu	697196	b92b55277de910f4f7034e1fb668e5288507d905e5d60e29db38476fe4a5a32a	zh_gsdsimp-ud-dev.conllu
https://raw.githubusercontent.com/UniversalDependencies/UD_Chinese-GSDSimp/r2.10/zh_gsdsimp-ud-test.conllu	663316	3e71fc7f4bb757592bb2c8f944cf0e4e65dfe9b3a63034ee8b37c74c9cf1ff9a	zh_gsdsimp-ud-test.conllu
https://raw.githubusercontent.com/UniversalDependencies/UD_Chinese-GSDSimp/r2.10/zh_gsdsimp-ud-train.conllu	5438619	c0327706f5b7577b3481eff18bfacb2ebd90c860a0bbbd3ee47735c7c2d7fba8	zh_gsdsimp-ud-train.conllu
https://raw.githubusercontent.com/UniversalDependencies/UD_Chinese-HK/r2.10/zh_hk-ud-test.conllu	494436	d69a037a8e90274b151a881316ee9522606ead463bed15f333905fa8c19918fb	zh_hk-ud-test.conllu
https://raw.githubusercontent.com/UniversalDependencies/UD_Chinese-PUD/r2.10/zh_pud-ud-test.conllu	1605730	c87cec317f6bc27ef9e741763c8dd7e47d9d36d0b879c8175a0c49b06ffa5a7c	zh_pud-ud-test.conllu
https://raw.githubusercontent.com/UniversalDependencies/UD_Chukchi-HSE/r2.10/ckt_hse-ud-test.conllu	812195	fc10289b8db2cadfb2c1625e7e415b37f824ec5973bc8fe7efafc7c05b6f8b89	ckt_hse-ud-test.conllu
https://raw.githubusercontent.com/UniversalDependencies/UD_Classical_Chinese-Kyoto/r2.10/lzh_kyoto-ud-dev.conllu	2807679	7ea1935c598a72d4e4b50733e67e9e5d9099c630c65e1d8677a4a0bf067aab53	lzh_kyoto-ud-dev.conllu
https://raw.githubusercontent.com/UniversalDependencies/UD_Classical_Chinese-Kyoto/r2.10/lzh_kyoto-ud-test.conllu	2394391	2f39c204ae146f1dd369d18de59fff7d492d98ab371cb6ec0ec175340d4bb192	lzh_kyoto-ud-test.conllu
https://raw.githubusercontent.com/UniversalDependencies/UD_Classical_Chinese-Kyoto/r2.10/lzh_kyoto-ud-train.conllu	22964762	8e41b2f5272d6b6e37bb43f7b8f027023a1a49107f7a0585abb05ca5d2deb1ec	lzh_kyoto-ud-train.conllu
https://raw.githubusercontent.com/UniversalDependencies/UD_Coptic-Scriptorium/r2.10/cop_scriptorium-ud-dev.conllu	1036728	9466938a2a24cd1a3fd962299ddcb5f37f1a6bdfab1e0b33cbc3a8825aefdf2a	cop_scriptorium-ud-dev.conllu
https://raw.githubusercontent.com/UniversalDependencies/UD_Coptic-Scriptorium/r2.10/cop_scriptorium-ud-test.conllu	978719	872a269aace419fc8a6fba75429bee64224e782f040ef592389b468e965454b3	cop_scriptorium-ud-test.conllu
https://raw.githubusercontent.com/UniversalDependencies/UD_Coptic-Scriptorium/r2.10/cop_scriptorium-ud-train.conllu	2943667	adaa7eea6762e267c5a4a7d29c2b9f406b5c3994dd5ee27f00bc0ab174a5c3e6	cop_scriptorium-ud-train.conllu
https://raw.githubusercontent.com/UniversalDependencies/UD_Croatian-SET/r2.10/hr_set-ud-dev.conllu	1689876	2c966ec368ff861e06d4f02ff9455ea50b4d17c524f090869d32f8e4f0b6f496	hr_set-ud-dev.conllu
https://raw.githubusercontent.com/UniversalDependencies/UD_Croatian-SET/r2.10/hr_set-ud-test.conllu	1840136	1a2293d7c521a82065f08e185c7e3d355ace446c00c63e1dffa4a698d429c941	hr_set-ud-test.conllu
https://raw.githubusercontent.com/UniversalDependencies/UD_Croatian-SET/r2.10/hr_set-ud-train.conllu	11582117	d3a8f10866a0acf6b3f55e4495331d7f6623462eac449d6802bb023666dac4f0	hr_set-ud-train.conllu
https://raw.githubusercontent.com/UniversalDependencies/UD_Czech-CAC/r2.10/cs_cac-ud-dev.conllu	1256486	a487beafb52cd3d207b7c6dcc601867856a32c0086cc1065b2569aa43f2b4a4c	cs_cac-ud-dev.conllu
https://raw.githubusercontent.com/UniversalDependencies/UD_Czech-CAC/r2.10/cs_cac-ud-test.conllu	1242281	e318d9cb8f03c136ba4b1b4f90e2548a55588c9c22d994746c338b0988080513	cs_cac-ud-test.conllu
https://raw.githubusercontent.com/UniversalDependencies/UD_Czech-CAC/r2.10/cs_cac-ud-train.conllu	53830640	931df65b6015d4507fd38482efcaab125c8d5c38753db4b433b103226f6d56e0	cs_cac-ud-train.conllu
https://raw.githubusercontent.com/UniversalDependencies/UD_Czech-CLTT/r2.10/cs_cltt-ud-dev.conllu	495344	be5b30430f4e6c68294d7993b5d6a48e88217cb8b5a5aa9768ffc411a5be6144	cs_cltt-ud-dev.conllu
https://raw.githubusercontent.com/UniversalDependencies/UD_Czech-CLTT/r2.10/cs_cltt-ud-test.conllu	426086	66723858ad26d532420a2fa6dbc2273baed9cb6cb7f0a9ae86443c214a094190	cs_cltt-ud-test.conllu
https://raw.githubusercontent.com/UniversalDependencies/UD_Czech-CLTT/r2.10/cs_cltt-ud-train.conllu	2824627	98f38fe96c5473260901ddae4de4021eb950565e49a0655797e8c7ee36df8f50	cs_cltt-ud-train.conllu
https://raw.githubusercontent.com/UniversalDependencies/UD_Czech-FicTree/r2.10/cs_fictree-ud-dev.conllu	1740590	59fc553575b330595a7faef0511ab0537bae457de0ed462f7a48357cd67901a7	cs_fictree-ud-dev.conllu
https://raw.githubusercontent.com/UniversalDependencies/UD_Czech-FicTree/r2.10/cs_fictree-ud-test.conllu	1743663	af269ecf46940255d29e54fe5c5a6551ff6c775508a6c0ab615c75fca9f095db	cs_fictree-ud-test.conllu
https://raw.githubusercontent.com/UniversalDependencies/UD_Czech-FicTree/r2.10/cs_fictree-ud-train.conllu	13977676	0ff44fd139b7f9f823b7c69ad6b08af8768e38e6ce0496e9656db6eb389e952b	cs_fictree-ud-train.conllu
https://raw.githubusercontent.com/UniversalDependencies/UD_Czech-PDT/r2.10/cs_pdt-ud-dev.conllu	18237269	705a9bde488d1d77a1b02f4315f2673a280f7b65a10dc8b1d5143c5237491a75	cs_pdt-ud-dev.conllu
https://raw.githubusercontent.com/UniversalDependencies/UD_Czech-PDT/r2.10/cs_pdt-ud-test.conllu	19862102	c12720cbc58fd8c962006a0ee19b035c68bead3c73f6c2b0ad83d44e9f900519	cs_pdt-ud-test.conllu
https://raw.githubusercontent.com/UniversalDependencies/UD_Czech-PDT/r2.10/cs_pdt-ud-train-c.conllu	15665617	1c1238db016241840d1ad19403fcf8dd554d7e92c08e5903597d6f74a4c9fb69	cs_pdt-ud-train-c.conllu
https://raw.githubusercontent.com/UniversalDependencies/UD_Czech-PDT/r2.10/cs_pdt-ud-train-l.conllu	82591093	ccd13c783fb917fcfea4a1b186c3c015a7036f5433fff5cda03d6a3dfc34bda7	cs_pdt-ud-train-l.conllu
https://raw.githubusercontent.com/UniversalDependencies/UD_Czech-PDT/r2.10/cs_pdt-ud-train-m.conllu	20969870	65ce48a431155f5ab4d452a3e3380e8a7aa5856206b3233728f6637f4aed2709	cs_pdt-ud-train-m.conllu
https://raw.githubusercontent.com/UniversalDependencies/UD_Czech-PDT/r2.10/cs_pdt-ud-train-v.conllu	14947279	d5a20f6cb4d5a8ed6f735be43c575e784a6210fdd4bfc93af5e07752ead66446	cs_pdt-ud-train-v.conllu
https://raw.githubusercontent.com/UniversalDependencies/UD_Czech-PUD/r2.10/cs_pud-ud-test.conllu	2239374	679911ac9b342a6d677ca70cbc64bab052068050082e91840dec3e72b3f77d61	cs_pud-ud-test.conllu
https://raw.githubusercontent.com/UniversalDependencies/UD_Danish-DDT/r2.10/da_ddt-ud-dev.conllu	659092	a77bf3f79fd3deb0ffe8d3b2dc09648cbaa2c145cab4d0340389c9df551244c9	da_ddt-ud-dev.conllu
https://raw.githubusercontent.com/UniversalDependencies/UD_Danish-DDT/r2.10/da_ddt-ud-test.conllu	638324	1e3a8336255750d0c379e0889e9cf169ca6bf6744a37bc3100be601bee4c1d0a	da_ddt-ud-test.conllu
https://raw.githubusercontent.com/UniversalDependencies/UD_Danish-DDT/r2.10/da_ddt-ud-train.conllu	5130147	1248ed5883edfb606d8ad5e858b94e6479d5f6f99836f7368559d46a9318b14b	da_ddt-ud-train.conllu
https://raw.githubusercontent.com/UniversalDependencies/UD_Dutch-Alpino/r2.10/nl_alpino-ud-dev.conllu	965554	05f1481a9fe22cf611a5b2b06ecb1183e67584ad57ea8370b27f536637e25276	nl_alpino-ud-dev.conllu
https://raw.githubusercontent.com/UniversalDependencies/UD_Dutch-Alpino/r2.10/nl_alpino-ud-test.conllu	924462	9d92b31e0031a8b4242f1df47f137fa01ba476fb72528c658ba18d3c29666c76	nl_alpino-ud-test.conllu
https://raw.githubusercontent.com/UniversalDependencies/UD_Dutch-Alpino/r2.10/nl_alpino-ud-train.conllu	14864664	7133b8266031af0d303fb58e8a3c1c396bfb65cc8feeed48fa9d81c628e5d676	nl_alpino-ud-train.conllu
https://raw.githubusercontent.com/UniversalDependencies/UD_Dutch-LassySmall/r2.10/nl_lassysmall-ud-dev.conllu	908837	a2780770026aaa9514d8d61937033cac8c1d9acccaac8bbf89520f0aae08bd1c	nl_lassysmall-ud-dev.conllu
https://raw.githubusercontent.com/UniversalDependencies/UD_Dutch-LassySmall/r2.10/nl_lassysmall-ud-test.conllu	947436	659b1d675240ce4c9d1ce42bf28bb782522fa82a06b62d0abd78f540ada5cbf2	nl_lassysmall-ud-test.conllu
https://raw.githubusercontent.com/UniversalDependencies/UD_Dutch-LassySmall/r2.10/nl_lassysmall-ud-train.conllu	6123066	0fbda08a2c5009a58d4b9df6046137e119cc178e58229984e844a7a330b1b73f	nl_lassysmall-ud-train.conllu
https://raw.githubusercontent.com/UniversalDependencies/UD_English-Atis/r2.10/en_atis-ud-dev.conllu	340170	4f799bc46a7d5c437b5e113c444fe10a5d30b3811f91e7228b08cf67f5b52222	en_atis-ud-dev.conllu
https://raw.githubusercontent.com/UniversalDependencies/UD_English-Atis/r2.10/en_atis-ud-test.conllu	342157	00d73782e23fa8225ce7f44ba3a92f9f9b10fb827facd0202c58dcff9a412e48	en_atis-ud-test.conllu
https://raw.githubusercontent.com/UniversalDependencies/UD_English-Atis/r2.10/en_atis-ud-train.conllu	2521426	294e1a64bcbea7b34a9647fdbc0cdbccc3a6b10df54aad214f6463426d25596a	en_atis-ud-train.conllu
https://raw.githubusercontent.com/UniversalDependencies/UD_English-ESL/r2.10/en_esl-ud-dev.conllu	327396	aa93b21ffc4f4ccff42e272fda3e663c344587030b513af2e64a2dde1a30116d	en_esl-ud-dev.conllu
https://raw.githubusercontent.com/UniversalDependencies/UD_English-ESL/r2.10/en_esl-ud-test.conllu	329371	fcfdd0e8f4270634a02781a43a6c5f3de25dd1c98109b03ca7bef9b3c87c4fd6	en_esl-ud-test.conllu
https://raw.githubusercontent.com/UniversalDependencies/UD_English-ESL/r2.10/en_esl-ud-train.conllu	2694781	3f03264b4501d4a7d8103c55aa6d6fbcdb1e29aafa0a7d819c1116c661543f4e	en_esl-ud-train.conllu
https://raw.githubusercontent.com/UniversalDependencies/UD_English-EWT/r2.10/en_ewt-ud-dev.conllu	1738438	ef962ac05d844eaff46eeded125937129bfc0876d43963d66810cb73ffa8f5df	en_ewt-ud-dev.conllu
https://raw.githubusercontent.com/UniversalDependencies/UD_English-EWT/r2.10/en_ewt-ud-test.conllu	1738935	465100c5b6fb606725068dc70680d65cc047fbb4ae25195375618bc6353a4e58	en_ewt-ud-test.conllu
https://raw.githubusercontent.com/UniversalDependencies/UD_English-EWT/r2.10/en_ewt-ud-train.conllu	13686411	e6a3784727e7726d4f1c2e10ff22dcd0ddeb8869ad6f85b73bb1ff5ef798e944	en_ewt-ud-train.conllu
https://raw.githubusercontent.com/UniversalDependencies/UD_English-GUM/r2.10/en_gum-ud-dev.conllu	1728622	1a8b4f27393328ace065fe063f57e3e4cd16b9ec18c6987775df4467120eca7d	en_gum-ud-dev.conllu
https://raw.githubusercontent.com/UniversalDependencies/UD_English-GUM/r2.10/en_gum-ud-test.conllu	1753652	52b8b8d28aba1b0026bbe7574dd77d3676a5793558c982570a58ad2545b9bbe0	en_gum-ud-test.conllu
https://raw.githubusercontent.com/UniversalDependencies/UD_English-GUM/r2.10/en_gum-ud-train.conllu	10998186	5f2f26c2a9e9eceda594abdf54230dc792062ca7a006b6e6cb2b6b21bbc19a6c	en_gum-ud-train.conllu
https://raw.githubusercontent.com/UniversalDependencies/UD_English-GUMReddit/r2.10/en_gumreddit-ud-dev.conllu	172099	3b8c0268b08a1b91f3ff19d1d9f984dde365dc9997dfcf6ffd059e4a0267fada	en_gumreddit-ud-dev.conllu
https://raw.githubusercontent.com/UniversalDependencies/UD_English-GUMReddit/r2.10/en_gumreddit-ud-test.conllu	173170	1b78a99ea95824368ef43e52b5def271edb302526c8e0f5bd9f6e27eab38edd9	en_gumreddit-ud-test.conllu
https://raw.githubusercontent.com/UniversalDependencies/UD_English-GUMReddit/r2.10/en_gumreddit-ud-train.conllu	1194157	e26550a5b470f2a8a8ccd19508db7f2177bfa9d68f16a5df5bfb2984b0d9056e	en_gumreddit-ud-train.conllu
https://raw.githubusercontent.com/UniversalDependencies/UD_English-LinES/r2.10/en_lines-ud-dev.conllu	1123185	c545e91e13c4e6a272e78175d5224a01791694999f0c8460e7741da4a46746b9	en_lines-ud-dev.conllu
https://raw.githubusercontent.com/UniversalDependencies/UD_English-LinES/r2.10/en_lines-ud-test.conllu	1037779	ea037b9cc2f22c298d1fd0de640b5d310852cf2e942a3183446b2c3a9122c493	en_lines-ud-test.conllu
https://raw.githubusercontent.com/UniversalDependencies/UD_English-LinES/r2.10/en_lines-ud-train.conllu	3365394	705bfe26b886da24d11719068edfa22d31826007657602de09894006468bae46	en_lines-ud-train.conllu
https://raw.githubusercontent.com/UniversalDependencies/UD_English-PUD/r2.10/en_pud-ud-test.conllu	1340879	9740cff4792d36310201f0037f2856ff6a92736cb341f92e9a6a5193edaf5aaf	en_pud-ud-test.conllu
https://raw.githubusercontent.com/UniversalDependencies/UD_English-ParTUT/r2.10/en_partut-ud-dev.conllu	152194	27a1e61f41233bd1ce673918cae31068d786e901dec4ed9fa21c1db34ebe7237	en_partut-ud-dev.conllu
https://raw.githubusercontent.com/UniversalDependencies/UD_English-ParTUT/r2.10/en_partut-ud-test.conllu	187923	ba99b866d33e6a156ea2b69fe78cc8b81bc581d9994dab58e1a19a348f270fdf	en_partut-ud-test.conllu
https://raw.githubusercontent.com/UniversalDependencies/UD_English-ParTUT/r2.10/en_partut-ud-train.conllu	2380069	3076e7fcfc3117d727211886f84472cca4930502bdc7a2b65b9a04dd3840b334	en_partut-ud-train.conllu
https://raw.githubusercontent.com/UniversalDependencies/UD_English-Pronouns/r2.10/en_pronouns-ud-test.conllu	141392	be7f884acb78c2ccc96b02f9e1627db9fea22281908bcbef49528f07ff77b275	en_pronouns-ud-test.conllu
https://raw.githubusercontent.com/UniversalDependencies/UD_Erzya-JR/r2.10/myv_jr-ud-test.conllu	1975710	2b278a7bc4e8530f2095615a8c8e8131b5316efe128f8cdccd61e5e0d41cd2bb	myv_jr-ud-test.conllu
https://raw.githubusercontent.com/UniversalDependencies/UD_Estonian-EDT/r2.10/et_edt-ud-dev.conllu	3329648	c7d15fb2cab61370f77b142736b0dca50d53e36144048425dfd952b591f9170c	et_edt-ud-dev.conllu
https://raw.githubusercontent.com/UniversalDependencies/UD_Estonian-EDT/r2.10/et_edt-ud-test.conllu	3594682	060bddd4b8e6b1837a8083c628fb619a45c61db50da2cd45dade6158a38b4611	et_edt-ud-test.conllu
https://raw.githubusercontent.com/UniversalDependencies/UD_Estonian-EDT/r2.10/et_edt-ud-train.conllu	25677104	29c6c995eb41accb2c99e6c0207b2570f200b2da581d69a364550ae7d4fd53f7	et_edt-ud-train.conllu
https://raw.githubusercontent.com/UniversalDependencies/UD_Estonian-EWT/r2.10/et_ewt-ud-dev.conllu	709705	370f8fb5744245ecaa3136ea7416a84ea99b29e55ede53ce626d42fb6d2ba51c	et_ewt-ud-dev.conllu
https://raw.githubusercontent.com/UniversalDependencies/UD_Estonian-EWT/r2.10/et_ewt-ud-test.conllu	942590	32d5067a7fe88d34522bf4b3addd29c3e85b5525f1d0110dded33e005095e94f	et_ewt-ud-test.conllu
https://raw.githubusercontent.com/UniversalDependencies/UD_Estonian-EWT/r2.10/et_ewt-ud-train.conllu	3956760	f9f2d56f4511fc6787cc4f7f3bc8845893ca14630c48dd765f07654d8532a097	et_ewt-ud-train.conllu
https://raw.githubusercontent.com/UniversalDependencies/UD_Faroese-FarPaHC/r2.10/fo_farpahc-ud-dev.conllu	477001	4be76786ebe2c6cae39050c60a721816960176f901744174a31c6d7bc8559e8e	fo_farpahc-ud-dev.conllu
https://raw.githubusercontent.com/UniversalDependencies/UD_Faroese-FarPaHC/r2.10/fo_farpahc-ud-test.conllu	470996	1ecc94219317ff31045b7055b5ba68dbbca2b49306d361c3d98045a0ac22d34a	fo_farpahc-ud-test.conllu
https://raw.githubusercontent.com/UniversalDependencies/UD_Faroese-FarPaHC/r2.10/fo_farpahc-ud-train.conllu	1241414	9fdf3b863dacf8f85701991574d13e4b49a3e766a1b651a59ff21e7e48a7b76e	fo_farpahc-ud-train.conllu
https://raw.githubusercontent.com/UniversalDependencies/UD_Faroese-OFT/r2.10/fo_oft-ud-test.conllu	802677	0ccf88bacd8f47c3467e965beb8d7ac87c08b9cae6e59d0d4310469439bcbf2b	fo_oft-ud-test.conllu
https://raw.githubusercontent.com/UniversalDependencies/UD_Finnish-FTB/r2.10/fi_ftb-ud-dev.conllu	1295461	d149fa4f05a348cd0a3e489375c55a9cb7aeed3d5ca1f3ec70d058bc6032baee	fi_ftb-ud-dev.conllu
https://raw.githubusercontent.com/UniversalDependencies/UD_Finnish-FTB/r2.10/fi_ftb-ud-test.conllu	1341416	294de4b7b5c33b6a942bb1d2cb50d8c7f151fbb934c0e7eee0aaed3d6bdcf729	fi_ftb-ud-test.conllu
https://raw.githubusercontent.com/UniversalDependencies/UD_Finnish-FTB/r2.10/fi_ftb-ud-train.conllu	10495589	41c29a6f9d7491fa4af47ec92e14ea2f17fd16ab933c00399df70c5b3c5f9c4d	fi_ftb-ud-train.conllu
https://raw.githubusercontent.com/UniversalDependencies/UD_Finnish-OOD/r2.10/fi_ood-ud-test.conllu	1471499	cf4bb2261be80b4f55b8133496b249010a4248612c2fcabfba261930d8ebb3f1	fi_ood-ud-test.conllu
https://raw.githubusercontent.com/UniversalDependencies/UD_Finnish-PUD/r2.10/fi_pud-ud-test.conllu	1405968	69d70c9c5e58207afca8dbb25ec2005dba05b24caa9d07a8fb328933eb095c68	fi_pud-ud-test.conllu
https://raw.githubusercontent.com/UniversalDependencies/UD_Finnish-TDT/r2.10/fi_tdt-ud-dev.conllu	1503685	323890cf020f1958c117a302a8a29513feb633422b6730e8a438af7f708bcab2	fi_tdt-ud-dev.conllu
https://raw.githubusercontent.com/UniversalDependencies/UD_Finnish-TDT/r2.10/fi_tdt-ud-test.conllu	1727594	c0a732ca9a4b3f2746aae455ebaadf662543da350266aaf25462536ce67f489c	fi_tdt-ud-test.conllu
https://raw.githubusercontent.com/UniversalDependencies/UD_Finnish-TDT/r2.10/fi_tdt-ud-train.conllu	13373316	6c73e7b9d401871d4cd3aec87cced4fbd57198effe57e733c3c03430dafcb2c2	fi_tdt-ud-train.conllu
https://raw.githubusercontent.com/UniversalDependencies/UD_French-FQB/r2.10/fr_fqb-ud-test.conllu	1544789	5ee05027506f330583f5eb5c74119e72b4cf59dc924530b0503a254380a6b9a8	fr_fqb-ud-test.conllu
https://raw.githubusercontent.com/UniversalDependencies/UD_French-FTB/r2.10/fr_ftb-ud-dev.conllu	2139411	8eef4a0a86129177496857533db92fe4658cfa98c8caa19a6d1397b31a973124	fr_ftb-ud-dev.conllu
https://raw.githubusercontent.com/UniversalDependencies/UD_French-FTB/r2.10/fr_ftb-ud-test.conllu	4130256	5974dcfca9776f07fe8a2718741eef6d4908c87a468dd8f4a674931419a264cb	fr_ftb-ud-test.conllu
https://raw.githubusercontent.com/UniversalDependencies/UD_French-FTB/r2.10/fr_ftb-ud-train.conllu	24657119	4c87369b164d374ae0fea2382ca4cb4178a29b71f531b4dd7ac845b0e3ea84c7	fr_ftb-ud-train.conllu
https://raw.githubusercontent.com/UniversalDependencies/UD_French-GSD/r2.10/fr_gsd-ud-dev.conllu	2279400	354ab61637a15495e1a6e788c34971991b9200806d4b28f4d4a750e7d69596fc	fr_gsd-ud-dev.conllu
https://raw.githubusercontent.com/UniversalDependencies/UD_French-GSD/r2.10/fr_gsd-ud-test.conllu	641087	050fd69904a8e042fa036330957f9cb0502de4574746fbc7b891758d91fb7f08	fr_gsd-ud-test.conllu
https://raw.githubusercontent.com/UniversalDependencies/UD_French-GSD/r2.10/fr_gsd-ud-train.conllu	22648245	3f75ec95f3f77449e15c864b0d8de0554545115613fd2e2d1a7372d6b51f34d2	fr_gsd-ud-train.conllu
https://raw.githubusercontent.com/UniversalDependencies/UD_French-PUD/r2.10/fr_pud-ud-test.conllu	1788598	db3f5822337ff8f814cd7a3cfcc3ed94983d437d5ed361c352c735e591fd8c61	fr_pud-ud-test.conllu
https://raw.githubusercontent.com/UniversalDependencies/UD_French-ParTUT/r2.10/fr_partut-ud-dev.conllu	119767	f9f039bae1f18b3e6cde19bddd1a22dd8ce09c7df37348a88f71bca3cec0fbaf	fr_partut-ud-dev.conllu
https://raw.githubusercontent.com/UniversalDependencies/UD_French-ParTUT/r2.10/fr_partut-ud-test.conllu	169249	ebc85f6f0cb79a51cce806812f3c60613ad6de6f6c1cb12ab94675c22a7a5def	fr_partut-ud-test.conllu
https://raw.githubusercontent.com/UniversalDependencies/UD_French-ParTUT/r2.10/fr_partut-ud-train.conllu	1533415	2d62d1a7b9268e84e5ca5a5f2c20d35ba4110c088dab5944dd2bc3889536d618	fr_partut-ud-train.conllu
https://raw.githubusercontent.com/UniversalDependencies/UD_French-ParisStories/r2.10/fr_parisstories-ud-test.conllu	680406	7744531b52f1ef8c67629dfb4ed412e50d30f6f811f4cb13f35fa66246af61be	fr_parisstories-ud-test.conllu
https://raw.githubusercontent.com/UniversalDependencies/UD_French-ParisStories/r2.10/fr_parisstories-ud-train.conllu	1384603	77716efcc0cdf24c2bea7514d2e4fea740e500aeb3674f5b089e823094f49739	fr_parisstories-ud-train.conllu
https://raw.githubusercontent.com/UniversalDependencies/UD_French-Rhapsodie/r2.10/fr_rhapsodie-ud-dev.conllu	930252	415af5d87caf955e787c1356c38956906113ac4a6f0617ba9c803b44b5a66512	fr_rhapsodie-ud-dev.conllu
https://raw.githubusercontent.com/UniversalDependencies/UD_French-Rhapsodie/r2.10/fr_rhapsodie-ud-test.conllu	867794	e969d2947acd7df88747d4e047096d4036f391c21575655f15b2524f204a38e0	fr_rhapsodie-ud-test.conllu
https://raw.githubusercontent.com/UniversalDependencies/UD_French-Rhapsodie/r2.10/fr_rhapsodie-ud-train.conllu	1352200	141dadee2c31b699351a97f35a4e9a785758ac4977f99cf431b0500f40318709	fr_rhapsodie-ud-train.conllu
https://raw.githubusercontent.com/UniversalDependencies/UD_French-Sequoia/r2.10/fr_sequoia-ud-dev.conllu	626970	5338648e6315606cd190bb57cd1670bde2d177dfdd00d41cdd3dbf1ca536a96a	fr_sequoia-ud-dev.conllu
https://raw.githubusercontent.com/UniversalDependencies/UD_French-Sequoia/r2.10/fr_sequoia-ud-test.conllu	627473	b8fb7ab4fb6c56102829e73781c507719000e4511c98b00b4c41a269a74171b4	fr_sequoia-ud-test.conllu
https://raw.githubusercontent.com/UniversalDependencies/UD_French-Sequoia/r2.10/fr_sequoia-ud-train.conllu	3161400	39f1ea61b7a343afa3299570037bce0059ca83dcf72fd26b29f69d982626ba01	fr_sequoia-ud-train.conllu
https://raw.githubusercontent.com/UniversalDependencies/UD_French-Spoken/r2.7/fr_spoken-ud-dev.conllu	715378	a78f68f67cd7d1bb4f5fed7826e47ac87a15b5702096c7486f79ce9c6e3b4f0f	fr_spoken-ud-dev.conllu
https://raw.githubusercontent.com/UniversalDependencies/UD_French-Spoken/r2.7/fr_spoken-ud-test.conllu	703376	d689bf5bec8559c78c822cd557615990249781b1d9b3c1e4f194bc8964b8b250	fr_spoken-ud-test.conllu
https://raw.githubusercontent.com/UniversalDependencies/UD_French-Spoken/r2.7/fr_spoken-ud-train.conllu	1064587	ecbe97c3f3296eeb1ea1d23d4fc6867a40cbea21f0347d637e93708c2167b7d5	fr_spoken-ud-train.conllu
https://raw.githubusercontent.com/UniversalDependencies/UD_Frisian_Dutch-Fame/r2.10/qfn_fame-ud-test.conllu	238153	ad98bc49cb83c8a0d0951e0d4c441a1073545641320f04442ead6d4492795078	qfn_fame-ud-test.conllu
https://raw.githubusercontent.com/UniversalDependencies/UD_Galician-CTG/r2.10/gl_ctg-ud-dev.conllu	1761943	06dc34d03524d407e79f70a0f6d7823f5eccd94bd8a292a1e4a2e6cf8cc1657e	gl_ctg-ud-dev.conllu
https://raw.githubusercontent.com/UniversalDependencies/UD_Galician-CTG/r2.10/gl_ctg-ud-test.conllu	1763043	b226c70a4e849007b87f1e2afac0bbe45d7810c4f20fdab4a5b62f64cdc2ab78	gl_ctg-ud-test.conllu
https://raw.githubusercontent.com/UniversalDependencies/UD_Galician-CTG/r2.10/gl_ctg-ud-train.conllu	4704712	51e0b4654231042a1b9e87a753d8757d718e79226c49d8176fb0e839b874e714	gl_ctg-ud-train.conllu
https://raw.githubusercontent.com/UniversalDependencies/UD_Galician-TreeGal/r2.10/gl_treegal-ud-test.conllu	686754	cd61faebdea091fbc9e1eea454a70547fea11aaf3cd04d9359aa6ea318b23c3a	gl_treegal-ud-test.conllu
https://raw.githubusercontent.com/UniversalDependencies/UD_Galician-TreeGal/r2.10/gl_treegal-ud-train.conllu	1054717	27d1c5aaca162a58a5a8a76dfb4310a340ca780f75290815527bc3ca3866d7a4	gl_treegal-ud-train.conllu
https://raw.githubusercontent.com/UniversalDependencies/UD_German-GSD/r2.10/de_gsd-ud-dev.conllu	902796	ce41ff5a6d31bcc85a8a10c651732daa4a2c42955fccae361e0f274758eb4c79	de_gsd-ud-dev.conllu
https://raw.githubusercontent.com/UniversalDependencies/UD_German-GSD/r2.10/de_gsd-ud-test.conllu	1205132	77907bc3e74630c77c6f13e57998a6e35e62b74cadb9d37e3b3fc74b204da2bb	de_gsd-ud-test.conllu
https://raw.githubusercontent.com/UniversalDependencies/UD_German-GSD/r2.10/de_gsd-ud-train.conllu	19591438	1f2bb7ac96532144b3002f7679a1d8146bc39c04005d90a0bfb861a19f208f7e	de_gsd-ud-train.conllu
https://raw.githubusercontent.com/UniversalDependencies/UD_German-HDT/r2.10/de_hdt-ud-dev.conllu	24123912	e20bfd59cb40439410acf659e75bb861bea0e373c2489d49f70b6fe5089f600a	de_hdt-ud-dev.conllu
https://raw.githubusercontent.com/UniversalDependencies/UD_German-HDT/r2.10/de_hdt-ud-test.conllu	24392379	c9263fd3a1e6d9e453ce9b09d051f562d84144740d11d3f04d106b56b9a916bc	de_hdt-ud-test.conllu
https://raw.githubusercontent.com/UniversalDependencies/UD_German-HDT/r2.10/de_hdt-ud-train-a-1.conllu	51140310	21df387024470dbb1a8f333240f655a9a2e32519ce78c7fc54a67a2065f4811a	de_hdt-ud-train-a-1.conllu
https://raw.githubusercontent.com/UniversalDependencies/UD_German-HDT/r2.10/de_hdt-ud-train-a-2.conllu	49753005	8a562a1ca77ba5597287c4206fe14e294703c0e9e9e4e373230036a6cff6a055	de_hdt-ud-train-a-2.conllu
https://raw.githubusercontent.com/UniversalDependencies/UD_German-HDT/r2.10/de_hdt-ud-train-b-1.conllu	53668847	c5a4432124821ad9b32570e0d816c6c58bc9958940b458c4f94c27a72ee500dc	de_hdt-ud-train-b-1.conllu
https://raw.githubusercontent.com/UniversalDependencies/UD_German-HDT/r2.10/de_hdt-ud-train-b-2.conllu	51696364	6c781cc7a5576a76a62ea8e0ef7796b96a52fbc839e21d0a43675ddc70226b86	de_hdt-ud-train-b-2.conllu
https://raw.githubusercontent.com/UniversalDependencies/UD_German-LIT/r2.10/de_lit-ud-test.conllu	2060988	905195966adfa9c7f61db46594be44065314f6461f11c9e3c789a1ae8698377e	de_lit-ud-test.conllu
https://raw.githubusercontent.com/UniversalDependencies/UD_German-PUD/r2.10/de_pud-ud-test.conllu	1731848	e5e3da4ec86545c0816fa54750f1df63b1dbbe5d386bd99f2f84b3c2df7ae7b7	de_pud-ud-test.conllu
https://raw.githubusercontent.com/UniversalDependencies/UD_Gothic-PROIEL/r2.10/got_proiel-ud-dev.conllu	952481	ab90316141b9759f6bd0a3bc326e2343385a5a2f9519768d7e870f35fd8cf880	got_proiel-ud-dev.conllu
https://raw.githubusercontent.com/UniversalDependencies/UD_Gothic-PROIEL/r2.10/got_proiel-ud-test.conllu	969149	fffbc7eed9e6ceba476d49c64a1469bdba955aeed7ee0fe2c56ee7da0e3401ab	got_proiel-ud-test.conllu
https://raw.githubusercontent.com/UniversalDependencies/UD_Gothic-PROIEL/r2.10/got_proiel-ud-train.conllu	3304025	a15f29f980ab7d96bd48cea6557a1f05609a22c3a627c0b5c4754b1838d03c08	got_proiel-ud-train.conllu
https://raw.githubusercontent.com/UniversalDependencies/UD_Greek-GDT/r2.10/el_gdt-ud-dev.conllu	955755	5d0a2e45384b603b23f12e72a22cd0850bec78356484433bba89107f964e78ee	el_gdt-ud-dev.conllu
https://raw.githubusercontent.com/UniversalDependencies/UD_Greek-GDT/r2.10/el_gdt-ud-test.conllu	974446	3ac83e7f7e0e579de16b9b58ff1469a00e81320f8ed19da538bd671798f78bb0	el_gdt-ud-test.conllu
https://raw.githubusercontent.com/UniversalDependencies/UD_Greek-GDT/r2.10/el_gdt-ud-train.conllu	3857960	f275c9afc7c6065df94081f85cec68b673012b35f4c2faa70bf417c95c954bcf	el_gdt-ud-train.conllu
https://raw.githubusercontent.com/UniversalDependencies/UD_Guajajara-TuDeT/r2.10/gub_tudet-ud-test.conllu	699780	633818bc3f814712407c9cfe435393869d51db4c5fa57aa275a0ec868f354009	gub_tudet-ud-test.conllu
https://raw.githubusercontent.com/UniversalDependencies/UD_Guarani-OldTuDeT/r2.10/gn_oldtudet-ud-test.conllu	19384	eb34d78210fd90e6a9365dd96e1a393192d333a005f5846613f01c58acb36345	gn_oldtudet-ud-test.conllu
https://raw.githubusercontent.com/UniversalDependencies/UD_Hebrew-HTB/r2.10/he_htb-ud-dev.conllu	867414	c86bd3296019aea5fa20232bc1f84e375547ea2a4b7b81039d55372bccb8f7dc	he_htb-ud-dev.conllu
https://raw.githubusercontent.com/UniversalDependencies/UD_Hebrew-HTB/r2.10/he_htb-ud-test.conllu	931163	68561248fa10248805f1fb3bfb4620fe5a966c661d1d0f9eef2378048329f41e	he_htb-ud-test.conllu
https://raw.githubusercontent.com/UniversalDependencies/UD_Hebrew-HTB/r2.10/he_htb-ud-train.conllu	10403144	5918f7e983055e352946963e16808ee8ef65a4d8acbe3439473b24f05bca5463	he_htb-ud-train.conllu
https://raw.githubusercontent.com/UniversalDependencies/UD_Hebrew-IAHLTwiki/r2.10/he_iahltwiki-ud-dev.conllu	728307	bbf4e148f0f0f6b55a6b14fb802dea17dd3bc2dc253d69191a19b288ce51b4a9	he_iahltwiki-ud-dev.conllu
https://raw.githubusercontent.com/UniversalDependencies/UD_Hebrew-IAHLTwiki/r2.10/he_iahltwiki-ud-test.conllu	828270	4078cbbc4793aefd8f4fac6455970f702e8290e94ca8c197ba5e72d975b616a0	he_iahltwiki-ud-test.conllu
https://raw.githubusercontent.com/UniversalDependencies/UD_Hebrew-IAHLTwiki/r2.10/he_iahltwiki-ud-train.conllu	9247705	2d1b7bd833d603f4e2c972e0b6ec1e8a22f94c6a161f5ed6d73582836ab4afa5	he_iahltwiki-ud-train.conllu
https://raw.githubusercontent.com/UniversalDependencies/UD_Hindi-HDTB/r2.10/hi_hdtb-ud-dev.conllu	5161214	e31d9ec8e987a3a7f316ef51cf4b138658c18ba3ecc88d6aa18dc3f2222dc35e	hi_hdtb-ud-dev.conllu
https://raw.githubusercontent.com/UniversalDependencies/UD_Hindi-HDTB/r2.10/hi_hdtb-ud-test.conllu	5180998	2bbcb631a236f8041a4bfbf15e126a52baadf9ec24667a52d298deed2ffd29aa	hi_hdtb-ud-test.conllu
https://raw.githubusercontent.com/UniversalDependencies/UD_Hindi-HDTB/r2.10/hi_hdtb-ud-train.conllu	41227906	ca6d86c9ef8e79704b54530eb9361854a335e3794c4a60978e2873dc5f6f6af7	hi_hdtb-ud-train.conllu
https://raw.githubusercontent.com/UniversalDependencies/UD_Hindi-PUD/r2.10/hi_pud-ud-test.conllu	2301671	939bc2033ecb4ffe72b369a71b4fcde3c356e980dc889fbb357ce390c0b91538	hi_pud-ud-test.conllu
https://raw.githubusercontent.com/UniversalDependencies/UD_Hindi_English-HIENCS/r2.10/qhe_hiencs-ud-dev.conllu	110359	3feb193e566002c69685cab5bbe43ef4b676ce04ab54f349e57769551c8763fe	qhe_hiencs-ud-dev.conllu
https://raw.githubusercontent.com/UniversalDependencies/UD_Hindi_English-HIENCS/r2.10/qhe_hiencs-ud-test.conllu	106765	9b9c4aaee482681482f4c060d05b63a4878a19c9243367e25376414730d9d613	qhe_hiencs-ud-test.conllu
https://raw.githubusercontent.com/UniversalDependencies/UD_Hindi_English-HIENCS/r2.10/qhe_hiencs-ud-train.conllu	697460	ea7f94b18ddbc0403112168a4e0102243c5727fa9621425c7de9d011db1bc03c	qhe_hiencs-ud-train.conllu
https://raw.githubusercontent.com/UniversalDependencies/UD_Hungarian-Szeged/r2.10/hu_szeged-ud-dev.conllu	843369	32df43873368d72494c4dcf2101425a182f7f6c8b4d971646ac7363ea0eb439d	hu_szeged-ud-dev.conllu
https://raw.githubusercontent.com/UniversalDependencies/UD_Hungarian-Szeged/r2.10/hu_szeged-ud-test.conllu	756978	924bb962529c5158db5ea1a89519e9022873cf80a55e341433e7f1ebed7587a8	hu_szeged-ud-test.conllu
https://raw.githubusercontent.com/UniversalDependencies/UD_Hungarian-Szeged/r2.10/hu_szeged-ud-train.conllu	1457523	fad678ced39d4fd5a2f81d9062532668cc09cb0eb3b08e775598314640bcdb0e	hu_szeged-ud-train.conllu
https://raw.githubusercontent.com/UniversalDependencies/UD_Icelandic-IcePaHC/r2.10/is_icepahc-ud-dev.conllu	11850542	883774ef5c79757c7904c418ed04edfb8281e874808c8364eb3420f47acb8196	is_icepahc-ud-dev.conllu
https://raw.githubusercontent.com/UniversalDependencies/UD_Icelandic-IcePaHC/r2.10/is_icepahc-ud-test.conllu	11914268	e81f8053811a957edcc236825bb06d0b8ccef7bfa9906765dc1da8878e54f8d2	is_icepahc-ud-test.conllu
https://raw.githubusercontent.com/UniversalDependencies/UD_Icelandic-IcePaHC/r2.10/is_icepahc-ud-train.conllu	61341446	ab155ecbc1b50f64f05591b2f79a6439bb1a01d778ba9308fd2574d92b2265d9	is_icepahc-ud-train.conllu
https://raw.githubusercontent.com/UniversalDependencies/UD_Icelandic-Modern/r2.10/is_modern-ud-dev.conllu	1018194	ac126d36078d70c170b3340dca26d62ba10126af0b5a7af1211d92391aabac57	is_modern-ud-dev.conllu
https://raw.githubusercontent.com/UniversalDependencies/UD_Icelandic-Modern/r2.10/is_modern-ud-test.conllu	1019088	6613fc677fc7b37c4194004982cccb54e2b50d43bb63fd7deaab6bc9f47bcff6	is_modern-ud-test.conllu
https://raw.githubusercontent.com/UniversalDependencies/UD_Icelandic-Modern/r2.10/is_modern-ud-train.conllu	7420998	daaeb32f011c472c9b9190f2faaa6712905c5f5421979888aa1d20fd7a633eb8	is_modern-ud-train.conllu
https://raw.githubusercontent.com/UniversalDependencies/UD_Icelandic-PUD/r2.10/is_pud-ud-test.conllu	1525635	9ffc7551f2e5db5ea8d14e5b8dcb7b53cf15022c94843e1502c4389de5880077	is_pud-ud-test.conllu
https://raw.githubusercontent.com/UniversalDependencies/UD_Indonesian-CSUI/r2.10/id_csui-ud-test.conllu	603981	c6eef7c3f2af4d99a688be27d6e1315fae1c2abd40fd8e6284474dcf8654099b	id_csui-ud-test.conllu
https://raw.githubusercontent.com/UniversalDependencies/UD_Indonesian-CSUI/r2.10/id_csui-ud-train.conllu	1096756	df8752565c2c8494d02eec7d08befedb88d6edeff50da82aa02f7d652c006876	id_csui-ud-train.conllu
https://raw.githubusercontent.com/UniversalDependencies/UD_Indonesian-GSD/r2.10/id_gsd-ud-dev.conllu	993173	367fea318b9a62b4e9fa1a24d1c2fcbfe29308b35af8eb1aa72577c6018c57af	id_gsd-ud-dev.conllu
https://raw.githubusercontent.com/UniversalDependencies/UD_Indonesian-GSD/r2.10/id_gsd-ud-test.conllu	925057	09efc5a23790ecbdb1297bb30bb0e616b03e208e1ab420e7b011b05916698abd	id_gsd-ud-test.conllu
https://raw.githubusercontent.com/UniversalDependencies/UD_Indonesian-GSD/r2.10/id_gsd-ud-train.conllu	7673765	86a982ec71dfa97667001a886d5fadaeed46f20ca8587482bab82adc5dae36db	id_gsd-ud-train.conllu
https://raw.githubusercontent.com/UniversalDependencies/UD_Indonesian-PUD/r2.10/id_pud-ud-test.conllu	1152363	912ce193d581f30f9c721207f7914809b6f9e9cff4e86cecd6de8c1bd2d65aaf	id_pud-ud-test.conllu
https://raw.githubusercontent.com/UniversalDependencies/UD_Irish-IDT/r2.10/ga_idt-ud-dev.conllu	681307	b9d36c06e743182c6454ce4eb85fb44f136e8ff2071315bdd77d2813836230f2	ga_idt-ud-dev.conllu
https://raw.githubusercontent.com/UniversalDependencies/UD_Irish-IDT/r2.10/ga_idt-ud-test.conllu	686060	17aa68fbb022a34ec3b9323d04d2f2ca2e5da15e3c6f9c81daf2e247103b46c4	ga_idt-ud-test.conllu
https://raw.githubusercontent.com/UniversalDependencies/UD_Irish-IDT/r2.10/ga_idt-ud-train.conllu	6622541	35df60376145851cdea0e0c98a9cb84e466cd45cf2b90b66b90b5d61ad6a35bb	ga_idt-ud-train.conllu
https://raw.githubusercontent.com/UniversalDependencies/UD_Irish-TwittIrish/r2.10/ga_twittirish-ud-test.conllu	801071	d2f55217d8de6aed569a0f33e3edb2db7c3ba7e889e0ad22e439741582dcd7f8	ga_twittirish-ud-test.conllu
https://raw.githubusercontent.com/UniversalDependencies/UD_Italian-ISDT/r2.10/it_isdt-ud-dev.conllu	833673	861905e9849a6c0cb9d586771fd1f4342d9da100fd34535cb56f9d91233fa511	it_isdt-ud-dev.conllu
https://raw.githubusercontent.com/UniversalDependencies/UD_Italian-ISDT/r2.10/it_isdt-ud-test.conllu	734934	d255ef5d3d1aad7598114e79e54e0a9ea508c47e2ab47c539581f419c22c35e4	it_isdt-ud-test.conllu
https://raw.githubusercontent.com/UniversalDependencies/UD_Italian-ISDT/r2.10/it_isdt-ud-train.conllu	19433509	42212dbda1b866e365d339d85344c7bb9ca9826747a8b692ed5093baca3bfa9e	it_isdt-ud-train.conllu
https://raw.githubusercontent.com/UniversalDependencies/UD_Italian-MarkIT/r2.10/it_markit-ud-dev.conllu	665272	09d8ee1144636a27adf5d358b55bdd4ba500b57b96d9fa54169c6b8913df19c4	it_markit-ud-dev.conllu
https://raw.githubusercontent.com/UniversalDependencies/UD_Italian-MarkIT/r2.10/it_markit-ud-test.conllu	660114	f6e522be5953454300818c40c48baabd628266e2d2c044614f530304f9370075	it_markit-ud-test.conllu
https://raw.githubusercontent.com/UniversalDependencies/UD_Italian-MarkIT/r2.10/it_markit-ud-train.conllu	1271953	d74c67ab60285cf3e3d19ce286d944b0fad2c04182bce0a7a061592b5724ea29	it_markit-ud-train.conllu
https://raw.githubusercontent.com/UniversalDependencies/UD_Italian-PUD/r2.10/it_pud-ud-test.conllu	1640842	ce2b75269845e63032dd06c0c3f8ccff65fe0e23ff9ab4bdf6182dbb3f5eb951	it_pud-ud-test.conllu
https://raw.githubusercontent.com/UniversalDependencies/UD_Italian-ParTUT/r2.10/it_partut-ud-dev.conllu	193742	602904bdadae46835d7cd46d7f47f7ce71a5c8e9a556f413f9641741c187734f	it_partut-ud-dev.conllu
https://raw.githubusercontent.com/UniversalDependencies/UD_Italian-ParTUT/r2.10/it_partut-ud-test.conllu	240199	6a3f3437fd3ab383ba37122ec84cc1bd53662512f5ff1e80ed306c6b668eb6a2	it_partut-ud-test.conllu
https://raw.githubusercontent.com/UniversalDependencies/UD_Italian-ParTUT/r2.10/it_partut-ud-train.conllu	3148214	8b708515c00951e8d97c98c0aabdbbacf0571d4b294fe8a65628474e1c3e89f2	it_partut-ud-train.conllu
https://raw.githubusercontent.com/UniversalDependencies/UD_Italian-PoSTWITA/r2.10/it_postwita-ud-dev.conllu	750542	b42f7b707121e4b3a8c565d3b9abe5e7e45c956881ab17400ccff8e2681eedfc	it_postwita-ud-dev.conllu
https://raw.githubusercontent.com/UniversalDependencies/UD_Italian-PoSTWITA/r2.10/it_postwita-ud-test.conllu	777922	3d1d4a4f639ece3ff4580ba660d73f1676e5062d5fa22645cbd260f1a8bd27ef	it_postwita-ud-test.conllu
https://raw.githubusercontent.com/UniversalDependencies/UD_Italian-PoSTWITA/r2.10/it_postwita-ud-train.conllu	6091707	2fe0598f24d2928449c8d2aa43ec9584b6ad44a2773fff61e50f9db3c4b9c822	it_postwita-ud-train.conllu
https://raw.githubusercontent.com/UniversalDependencies/UD_Italian-TWITTIRO/r2.10/it_twittiro-ud-dev.conllu	192919	7b47700d18ee75d712523bf6aac590ea8599986efb1d58400e3618e775a73e54	it_twittiro-ud-dev.conllu
https://raw.githubusercontent.com/UniversalDependencies/UD_Italian-TWITTIRO/r2.10/it_twittiro-ud-test.conllu	188645	315063434144c3e98c3a79b3a4a79ea23ed4527ed8fa073a551deedf48264f6f	it_twittiro-ud-test.conllu
https://raw.githubusercontent.com/UniversalDependencies/UD_Italian-TWITTIRO/r2.10/it_twittiro-ud-train.conllu	1513115	11f04462eeecdb98b5acf0947b4bc24564db998572764fbbc5b1c21453bd7646	it_twittiro-ud-train.conllu
https://raw.githubusercontent.com/UniversalDependencies/UD_Italian-VIT/r2.10/it_vit-ud-dev.conllu	1810084	15dd46ad9b70635c3e7ecb6625d2aaf570d8c5dfc7e1eaf64a52517bb8cb0754	it_vit-ud-dev.conllu
https://raw.githubusercontent.com/UniversalDependencies/UD_Italian-VIT/r2.10/it_vit-ud-test.conllu	1652522	9c3a5fa97b70ad3d3ea1971368d82bbfd70cf37902eed64d85efbb696df700f8	it_vit-ud-test.conllu
https://raw.githubusercontent.com/UniversalDependencies/UD_Italian-VIT/r2.10/it_vit-ud-train.conllu	14126710	f84a608af4091529275a78a3470e23d12ffd2d649d8f4cb2d3b191bab56b8f94	it_vit-ud-train.conllu
https://raw.githubusercontent.com/UniversalDependencies/UD_Italian-Valico/r2.10/it_valico-ud-test.conllu	532944	ab241a5ed90834bacd6bf24af299ec3ffc684639c4633573e23a6b67bff20ddc	it_valico-ud-test.conllu
https://raw.githubusercontent.com/UniversalDependencies/UD_Japanese-BCCWJ/r2.10/ja_bccwj-ud-dev.conllu	13862375	dc122306230a3262e021825940a007c293c431f03638f9fb1a77fedffd6101f5	ja_bccwj-ud-dev.conllu
https://raw.githubusercontent.com/UniversalDependencies/UD_Japanese-BCCWJ/r2.10/ja_bccwj-ud-test.conllu	12983341	207e792ad5f6069849fe8085a11b1f32297799c3980fa85d85520e6a860d00ee	ja_bccwj-ud-test.conllu
https://raw.githubusercontent.com/UniversalDependencies/UD_Japanese-BCCWJ/r2.10/ja_bccwj-ud-train.conllu	70723258	3092ed2d7244ce315cc5ddf76e8dda0382a8e0cff363f212a409c11d58e2e305	ja_bccwj-ud-train.conllu
https://raw.githubusercontent.com/UniversalDependencies/UD_Japanese-BCCWJLUW/r2.10/ja_bccwjluw-ud-dev.conllu	9062393	05728b9ce4e3d7363a93b81c0a9e513ee9a02e570416966eb58b567ffd8c9ea7	ja_bccwjluw-ud-dev.conllu
https://raw.githubusercontent.com/UniversalDependencies/UD_Japanese-BCCWJLUW/r2.10/ja_bccwjluw-ud-test.conllu	8386273	f5acbf507ff5a8779dce5c88878b3643748f7370d4a339eeedeef3a88e69d33d	ja_bccwjluw-ud-test.conllu
https://raw.githubusercontent.com/UniversalDependencies/UD_Japanese-BCCWJLUW/r2.10/ja_bccwjluw-ud-train.conllu	44625428	6782127739a0759d34f8bfcbe8db64a822abdf7e3ca728316735030c9d3f468a	ja_bccwjluw-ud-train.conllu
https://raw.githubusercontent.com/UniversalDependencies/UD_Japanese-GSD/r2.10/ja_gsd-ud-dev.conllu	2876634	aa2b652c083ae3d02756a7a1a0212015dfe5390d0decb15da091ce96e7fca0c1	ja_gsd-ud-dev.conllu
https://raw.githubusercontent.com/UniversalDependencies/UD_Japanese-GSD/r2.10/ja_gsd-ud-test.conllu	3023033	65b101260663d37078b957640ec795b4d34d935ea46dd26d7000191b354e8755	ja_gsd-ud-test.conllu
https://raw.githubusercontent.com/UniversalDependencies/UD_Japanese-GSD/r2.10/ja_gsd-ud-train.conllu	39407822	038a8d2a33e7955460756986e491ac0086fd642c2739d806dcf2244dbbc873c1	ja_gsd-ud-train.conllu
https://raw.githubusercontent.com/UniversalDependencies/UD_Japanese-GSDLUW/r2.10/ja_gsdluw-ud-dev.conllu	1882573	b411893feae5cbffb9edab5dd0f95146a10918791d8b65635e7a657ba0de6308	ja_gsdluw-ud-dev.conllu
https://raw.githubusercontent.com/UniversalDependencies/UD_Japanese-GSDLUW/r2.10/ja_gsdluw-ud-test.conllu	2026275	8ec114e0193cfa236422070b3d06e1ae0bdfc654f1467c540389f2e3a2f4ed21	ja_gsdluw-ud-test.conllu
https://raw.githubusercontent.com/UniversalDependencies/UD_Japanese-GSDLUW/r2.10/ja_gsdluw-ud-train.conllu	25781243	0e6a3ea3a35d7bf42cafd10c0251f91a496a9df28bc89a82bbfce8675e34ec11	ja_gsdluw-ud-train.conllu
https://raw.githubusercontent.com/UniversalDependencies/UD_Japanese-Modern/r2.10/ja_modern-ud-test.conllu	2163988	f3b12e01e31b254daeacc4a8cae5b33c139578b8ac08ebda79fadb8ea43b92fa	ja_modern-ud-test.conllu
https://raw.githubusercontent.com/UniversalDependencies/UD_Japanese-PUD/r2.10/ja_pud-ud-test.conllu	6794098	01cb4086556a28304034fac7ec5e80a3acca0e6ebc87687bcb106ba7b04ce222	ja_pud-ud-test.conllu
https://raw.githubusercontent.com/UniversalDependencies/UD_Japanese-PUDLUW/r2.10/ja_pudluw-ud-test.conllu	4582142	84d99ca3860811f70be1b056a7250504db1cf646acbb149aa86f4e19537897a6	ja_pudluw-ud-test.conllu
https://raw.githubusercontent.com/UniversalDependencies/UD_Javanese-CSUI/r2.10/jv_csui-ud-test.conllu	144798	25fea700f3b120532ff9ff0e24cd757bff83dfd1aab5377697fb707c3f61a092	jv_csui-ud-test.conllu
https://raw.githubusercontent.com/UniversalDependencies/UD_Kaapor-TuDeT/r2.10/urb_tudet-ud-test.conllu	25332	e8aef6ea3da86af4285c5a91036c7a7efa740abc69fc321749a037ee076e08cd	urb_tudet-ud-test.conllu
https://raw.githubusercontent.com/UniversalDependencies/UD_Kangri-KDTB/r2.10/xnr_kdtb-ud-test.conllu	136112	d8181825b92622d5699ba3cc6d55f4d496f705d6cfba9a94bd2b0b4353413bbf	xnr_kdtb-ud-test.conllu
https://raw.githubusercontent.com/UniversalDependencies/UD_Karelian-KKPP/r2.10/krl_kkpp-ud-test.conllu	226103	d4d11b2c7b483a6747e68c79a8db4ad64abfbd629dbdd0029c30e1e2aa55a534	krl_kkpp-ud-test.conllu
https://raw.githubusercontent.com/UniversalDependencies/UD_Karo-TuDeT/r2.10/arr_tudet-ud-test.conllu	178897	88fa46f2d3961b8a3d95f6949ea251fc096da1c2fb31e880199a46e098adbb26	arr_tudet-ud-test.conllu
https://raw.githubusercontent.com/UniversalDependencies/UD_Kazakh-KTB/r2.10/kk_ktb-ud-test.conllu	812822	51c80f6691db115871cc52be676fdc48410f7b5f427e8918c9ccdec8343bb6a8	kk_ktb-ud-test.conllu
https://raw.githubusercontent.com/UniversalDependencies/UD_Kazakh-KTB/r2.10/kk_ktb-ud-train.conllu	41074	505e15f3c6fae4051b1c73fcdb689fd26f499ed5b7f984e54eafe8c5a93b4768	kk_ktb-ud-train.conllu
https://raw.githubusercontent.com/UniversalDependencies/UD_Khunsari-AHA/r2.10/kfm_aha-ud-test.conllu	6290	2ab80ba14515fcbc7542766fb32974b7e24575bdfbf3dd2aeb47990a52c92676	kfm_aha-ud-test.conllu
https://raw.githubusercontent.com/UniversalDependencies/UD_Kiche-IU/r2.10/quc_iu-ud-test.conllu	843623	6ed43641263c3148974b68b8bec7a1fb0e31fa273645d5e17fbac6f7098cff2f	quc_iu-ud-test.conllu
https://raw.githubusercontent.com/UniversalDependencies/UD_Komi_Permyak-UH/r2.10/koi_uh-ud-test.conllu	101815	83409ff5cb88d498da0950d82436aba62bf5290a6c9906e7e7dba8c73b4d3472	koi_uh-ud-test.conllu
https://raw.githubusercontent.com/UniversalDependencies/UD_Komi_Zyrian-IKDP/r2.10/kpv_ikdp-ud-test.conllu	207752	169f9ae99c2f82bec73546bd17138953d1553daba779524c92be52a48b70600a	kpv_ikdp-ud-test.conllu
https://raw.githubusercontent.com/UniversalDependencies/UD_Komi_Zyrian-Lattice/r2.10/kpv_lattice-ud-test.conllu	759620	ce78c781af528db6749a67901c77530b831015ec012bd74b425420db5f6bc3ce	kpv_lattice-ud-test.conllu
https://raw.githubusercontent.com/UniversalDependencies/UD_Korean-GSD/r2.10/ko_gsd-ud-dev.conllu	727020	e5fb7a0fef26f7172751b2791112bbc9ae560940e4f1250b6a33f25716b5bbca	ko_gsd-ud-dev.conllu
https://raw.githubusercontent.com/UniversalDependencies/UD_Korean-GSD/r2.10/ko_gsd-ud-test.conllu	708451	875b8cf2223767c44c641c63a87fe266725c3e5ff0d7080732f7d5ba98eb4a19	ko_gsd-ud-test.conllu
https://raw.githubusercontent.com/UniversalDependencies/UD_Korean-GSD/r2.10/ko_gsd-ud-train.conllu	3446767	2ed449cf0a91283c526fab93e0cb89736eb4fecaa9d0ed7b45ecf4fb14e3faa0	ko_gsd-ud-train.conllu
https://raw.githubusercontent.com/UniversalDependencies/UD_Korean-Kaist/r2.10/ko_kaist-ud-dev.conllu	1608054	f510be6e7f12afc2a4614a04c1493a73111422c426fc47f9c8a57be46b33ffc5	ko_kaist-ud-dev.conllu
https://raw.githubusercontent.com/UniversalDependencies/UD_Korean-Kaist/r2.10/ko_kaist-ud-test.conllu	1778348	6c18d9c8c415f760e89bf2f90fe47b8dda3dc469de7fbda9438387e8320befab	ko_kaist-ud-test.conllu
https://raw.githubusercontent.com/UniversalDependencies/UD_Korean-Kaist/r2.10/ko_kaist-ud-train.conllu	18468775	0590ead1a73eadb5578cdbae904b213913c9eb3d2afbc8c0ddd6711dfea586c0	ko_kaist-ud-train.conllu
https://raw.githubusercontent.com/UniversalDependencies/UD_Korean-PUD/r2.10/ko_pud-ud-test.conllu	2008330	0e841431e7400a5dbcfdea192d682b13119a7ef444cef7d0639972027a993838	ko_pud-ud-test.conllu
https://raw.githubusercontent.com/UniversalDependencies/UD_Kurmanji-MG/r2.10/kmr_mg-ud-test.conllu	746657	a8e9ca7cebc53af1f8512e7073c6a6ef5ce9caba8d87be196d446b5d94709e05	kmr_mg-ud-test.conllu
https://raw.githubusercontent.com/UniversalDependencies/UD_Kurmanji-MG/r2.10/kmr_mg-ud-train.conllu	18315	291b46531be3b94bc578e94ad96e8f6b93733c0d3cef7b7814a76905e09da9e5	kmr_mg-ud-train.conllu
https://raw.githubusercontent.com/UniversalDependencies/UD_Latin-ITTB/r2.10/la_ittb-ud-dev.conllu	2854943	b827501fcc0ecd77c2fb740f732770d965b448a9ff2a83faf8f7d1d67d2bfd10	la_ittb-ud-dev.conllu
https://raw.githubusercontent.com/UniversalDependencies/UD_Latin-ITTB/r2.10/la_ittb-ud-test.conllu	2841775	f65c5256aa545d7c163c4b61b5ee85de0fc3c4de33f5ca29ce14fd598dc14489	la_ittb-ud-test.conllu
https://raw.githubusercontent.com/UniversalDependencies/UD_Latin-ITTB/r2.10/la_ittb-ud-train.conllu	37027516	f0eb8879ab9429b908f52eaa1084a349de0baf75725f180526a5f1c922e2628b	la_ittb-ud-train.conllu
https://raw.githubusercontent.com/UniversalDependencies/UD_Latin-LLCT/r2.10/la_llct-ud-dev.conllu	2200678	4e72a9e4363c1299a13bc9fa92ed1887f476c2d42605b145b88ac6ef45362bc2	la_llct-ud-dev.conllu
https://raw.githubusercontent.com/UniversalDependencies/UD_Latin-LLCT/r2.10/la_llct-ud-test.conllu	2196352	ed614a751c75e6415e6ea71f058de561d70f573b88cd3cc3bee039e839de7c76	la_llct-ud-test.conllu
https://raw.githubusercontent.com/UniversalDependencies/UD_Latin-LLCT/r2.10/la_llct-ud-train.conllu	17615340	a2ea84d0f7ba84a43e290082a4667799640174fbad3f51517c5ed1b00f2d87c8	la_llct-ud-train.conllu
https://raw.githubusercontent.com/UniversalDependencies/UD_Latin-PROIEL/r2.10/la_proiel-ud-dev.conllu	1280704	573a14cc84de76d1ca356e55264b27d605e9d941103552d420f4e8340bf99a3e	la_proiel-ud-dev.conllu
https://raw.githubusercontent.com/UniversalDependencies/UD_Latin-PROIEL/r2.10/la_proiel-ud-test.conllu	1287755	9ea9b1166815376d492cdeaa51040dfd8eeb8e5f6b8a63cffd6889df8ebd50b7	la_proiel-ud-test.conllu
https://raw.githubusercontent.com/UniversalDependencies/UD_Latin-PROIEL/r2.10/la_proiel-ud-train.conllu	15862754	381d4a8a586f4771d6e8c6e62fc20b55e6e6f375ec08b36505b26807fd9415f1	la_proiel-ud-train.conllu
https://raw.githubusercontent.com/UniversalDependencies/UD_Latin-Perseus/r2.10/la_perseus-ud-test.conllu	984663	df15f272f5f893bfc39706b793a3fc5cd4a709cc9a01beaf5f0724a15e601021	la_perseus-ud-test.conllu
https://raw.githubusercontent.com/UniversalDependencies/UD_Latin-Perseus/r2.10/la_perseus-ud-train.conllu	1588955	0d766434f02de6810d4d53a115412e76b42a102b1c4995692b7c0e910a8e46f6	la_perseus-ud-train.conllu
https://raw.githubusercontent.com/UniversalDependencies/UD_Latin-UDante/r2.10/la_udante-ud-dev.conllu	1080670	33a10f48f20341cfdb13179a0273f17243168b7626e4aab3fa8df0e2ca11a9e9	la_udante-ud-dev.conllu
https://raw.githubusercontent.com/UniversalDependencies/UD_Latin-UDante/r2.10/la_udante-ud-test.conllu	1226127	743574dd66f1c3777b0383e6569fb3f574438dcb702a3fdef6c24fd3b7edb2bd	la_udante-ud-test.conllu
https://raw.githubusercontent.com/UniversalDependencies/UD_Latin-UDante/r2.10/la_udante-ud-train.conllu	2796891	4a37c82e5e532b0479242aa1dd06699af2cca0f881d279c32b27f6dd2c3660d1	la_udante-ud-train.conllu
https://raw.githubusercontent.com/UniversalDependencies/UD_Latvian-LVTB/r2.10/lv_lvtb-ud-dev.conllu	3647709	3ad6a0b39511dd1338ca9f69f84e381c8230a4fb8dfa77e4108020248fed1586	lv_lvtb-ud-dev.conllu
https://raw.githubusercontent.com/UniversalDependencies/UD_Latvian-LVTB/r2.10/lv_lvtb-ud-test.conllu	4034208	898bc182d809251cdf8b7dd42ff6977534eeb4938ac9fdd42ea67ff21b76c769	lv_lvtb-ud-test.conllu
https://raw.githubusercontent.com/UniversalDependencies/UD_Latvian-LVTB/r2.10/lv_lvtb-ud-train.conllu	24746035	cbd25dda8b214ae1755c92ca5c0d4b9a504892c26083fb0dd08c92b1f9c9137f	lv_lvtb-ud-train.conllu
https://raw.githubusercontent.com/UniversalDependencies/UD_Ligurian-GLT/r2.10/lij_glt-ud-test.conllu	421736	436bdab22a4ec321d1ed585993fc0a4d1f6612e16056dcb28afc14aff2f72c96	lij_glt-ud-test.conllu
https://raw.githubusercontent.com/UniversalDependencies/UD_Ligurian-GLT/r2.10/lij_glt-ud-train.conllu	14830	496a6133ecadddbb2ed39e783e249e77b589525d083f635250e1e7ddfec87209	lij_glt-ud-train.conllu
https://raw.githubusercontent.com/UniversalDependencies/UD_Lithuanian-ALKSNIS/r2.10/lt_alksnis-ud-dev.conllu	1155815	42dc294776671f1bc8ac60919c59f8fa7baf171be5b4a2ab6c6b187950e7144d	lt_alksnis-ud-dev.conllu
https://raw.githubusercontent.com/UniversalDependencies/UD_Lithuanian-ALKSNIS/r2.10/lt_alksnis-ud-test.conllu	1077257	4a078ec0664de2fc9924cf3e4b2e59322f7a74f61f5f1010515cdcde8424748f	lt_alksnis-ud-test.conllu
https://raw.githubusercontent.com/UniversalDependencies/UD_Lithuanian-ALKSNIS/r2.10/lt_alksnis-ud-train.conllu	4775172	3ea6bfdb7af8602b559cb846dc3d84195979ecfc952d3b5ca720726cf69dad99	lt_alksnis-ud-train.conllu
https://raw.githubusercontent.com/UniversalDependencies/UD_Lithuanian-HSE/r2.10/lt_hse-ud-train.conllu	261410	fb6f540a269bcab2ec0b8b89fc80969a5576dd1f97e53c062ee9dc039432d3aa	lt_hse-ud-train.conllu
https://raw.githubusercontent.com/UniversalDependencies/UD_Livvi-KKPP/r2.10/olo_kkpp-ud-test.conllu	106235	297905c7f5ec84409b5b19063a11e32a9c84e628294c40b4905671d69af08d8f	olo_kkpp-ud-test.conllu
https://raw.githubusercontent.com/UniversalDependencies/UD_Livvi-KKPP/r2.10/olo_kkpp-ud-train.conllu	15616	589557f4affa0ceec55292c4e58f805c5291da88d0d99f11ea03cef552fb0fc3	olo_kkpp-ud-train.conllu
https://raw.githubusercontent.com/UniversalDependencies/UD_Low_Saxon-LSDC/r2.10/nds_lsdc-ud-test.conllu	214031	abdec25c16d2a3a184cb1d08d68ab5db24eb766d189116a4edda3b4ba55cc771	nds_lsdc-ud-test.conllu
https://raw.githubusercontent.com/UniversalDependencies/UD_Maltese-MUDT/r2.10/mt_mudt-ud-dev.conllu	465523	72dd3794fe71b2312bf64a53ace4cabe26ddd9894147e9c1377bb95e82168741	mt_mudt-ud-dev.conllu
https://raw.githubusercontent.com/UniversalDependencies/UD_Maltese-MUDT/r2.10/mt_mudt-ud-test.conllu	500871	581081739a2c82c7441e45cff62adfd130d31385eede8991acee1836b093f54b	mt_mudt-ud-test.conllu
https://raw.githubusercontent.com/UniversalDependencies/UD_Maltese-MUDT/r2.10/mt_mudt-ud-train.conllu	1045359	bf7ce62df626ba7f6c4318b4f71fcd053bca0ea150d9ab388721c23d7caea60b	mt_mudt-ud-train.conllu
https://raw.githubusercontent.com/UniversalDependencies/UD_Manx-Cadhan/r2.10/gv_cadhan-ud-test.conllu	1324472	5fff1fb4f74d88313cba5faf9f50a48d99c04acbd7b3c7fdcd1df70fb1d5f9c5	gv_cadhan-ud-test.conllu
https://raw.githubusercontent.com/UniversalDependencies/UD_Marathi-UFAL/r2.10/mr_ufal-ud-dev.conllu	38432	8a4907fe0ce4aafc613e5471d7ffb183b0a518f6fb08a0c2a54305434ef1723a	mr_ufal-ud-dev.conllu
https://raw.githubusercontent.com/UniversalDependencies/UD_Marathi-UFAL/r2.10/mr_ufal-ud-test.conllu	35486	3122d586d7e52f5d4d90cd37ebd18a3b9853db2f8423254d4d7878fb75cda984	mr_ufal-ud-test.conllu
https://raw.githubusercontent.com/UniversalDependencies/UD_Marathi-UFAL/r2.10/mr_ufal-ud-train.conllu	264897	2309e08194162ea389ba12052af824c13ce2d69cb34fdb95f908d2c8cc89d7a9	mr_ufal-ud-train.conllu
https://raw.githubusercontent.com/UniversalDependencies/UD_Mbya_Guarani-Dooley/r2.10/gun_dooley-ud-test.conllu	573517	cadf2172b9d7bb87e53a3a6ca53cf99d6055270f89dea0180ed329eb8a03e44c	gun_dooley-ud-test.conllu
https://raw.githubusercontent.com/UniversalDependencies/UD_Mbya_Guarani-Thomas/r2.10/gun_thomas-ud-test.conllu	93058	6677e638061a06892dcd8e02e8321501c39c7c35d3fcb12119400432af0c369c	gun_thomas-ud-test.conllu
https://raw.githubusercontent.com/UniversalDependencies/UD_Moksha-JR/r2.10/mdf_jr-ud-test.conllu	352210	cf1bc63062af5131e9696080c065ec9b0554128d61df2e908ab3d9cc87eb56e3	mdf_jr-ud-test.conllu
https://raw.githubusercontent.com/UniversalDependencies/UD_Munduruku-TuDeT/r2.10/myu_tudet-ud-test.conllu	69474	1fccd031553af145dae1742a247143d330f9f9b624927404bb75942547f1f304	myu_tudet-ud-test.conllu
https://raw.githubusercontent.com/UniversalDependencies/UD_Naija-NSC/r2.10/pcm_nsc-ud-dev.conllu	1830826	00a9fe0e8a57ee1efc8c2529dfe50b379f8b0b760a25d721678a1990e9efc25f	pcm_nsc-ud-dev.conllu
https://raw.githubusercontent.com/UniversalDependencies/UD_Naija-NSC/r2.10/pcm_nsc-ud-test.conllu	1811749	e7e880b21cc7bf6282ae711aec9e55af0e9c86d39bbce16ecbedd767c8dbf0ac	pcm_nsc-ud-test.conllu
https://raw.githubusercontent.com/UniversalDependencies/UD_Naija-NSC/r2.10/pcm_nsc-ud-train.conllu	14172945	c385d9fa9114df5af2aacc1b9520e2126a7a8013d79dc501bdbb6851b1a869ca	pcm_nsc-ud-train.conllu
https://raw.githubusercontent.com/UniversalDependencies/UD_Nayini-AHA/r2.10/nyq_aha-ud-test.conllu	6387	e3e18e9109759146d19e4845d371c95e0db5bc7018fe0e03d0795f4280af0401	nyq_aha-ud-test.conllu
https://raw.githubusercontent.com/UniversalDependencies/UD_North_Sami-Giella/r2.10/sme_giella-ud-test.conllu	684290	f7b9f063dd7de6f6433f2df8a7b60e6f89c6ee2b21541412f0e8cb2efa4a36c9	sme_giella-ud-test.conllu
https://raw.githubusercontent.com/UniversalDependencies/UD_North_Sami-Giella/r2.10/sme_giella-ud-train.conllu	1177972	76298b8942aaa79193db3ac29fadcbb74c3e7d6123052fc798fe0ce61b4c206a	sme_giella-ud-train.conllu
https://raw.githubusercontent.com/UniversalDependencies/UD_Norwegian-Bokmaal/r2.10/no_bokmaal-ud-dev.conllu	2250074	9d595d7ed8f1c59f50113e2ad78397916581e35f7ac5983d3317ebd0e468d7db	no_bokmaal-ud-dev.conllu
https://raw.githubusercontent.com/UniversalDependencies/UD_Norwegian-Bokmaal/r2.10/no_bokmaal-ud-test.conllu	1851327	a30b7802985342144e60bbcfaec030e32f6968cbc9deed055202925bb1d5d6e6	no_bokmaal-ud-test.conllu
https://raw.githubusercontent.com/UniversalDependencies/UD_Norwegian-Bokmaal/r2.10/no_bokmaal-ud-train.conllu	15075683	f964029c85276574091621da772b91ae4975544ba009bcfc71cd7020d6a66b12	no_bokmaal-ud-train.conllu
https://raw.githubusercontent.com/UniversalDependencies/UD_Norwegian-Nynorsk/r2.10/no_nynorsk-ud-dev.conllu	1924864	87c965a2fe99a60fded3697a1fb637e709dca6ac3d01f85835abe59b4dd9c5a4	no_nynorsk-ud-dev.conllu
https://raw.githubusercontent.com/UniversalDependencies/UD_Norwegian-Nynorsk/r2.10/no_nynorsk-ud-test.conllu	1531731	9600fd4a6d65a41b33ccfd1bd371bd4fd44a88f0a23aa8a94ccfc377b9cce812	no_nynorsk-ud-test.conllu
https://raw.githubusercontent.com/UniversalDependencies/UD_Norwegian-Nynorsk/r2.10/no_nynorsk-ud-train.conllu	15081161	e06926d466e1f89d94cd14468a824bce21344e34640a32aae509802c34f3bc61	no_nynorsk-ud-train.conllu
https://raw.githubusercontent.com/UniversalDependencies/UD_Norwegian-NynorskLIA/r2.10/no_nynorsklia-ud-dev.conllu	607693	34aff675517fe94686c41df1a76092cde7452db3dbae8e37439d2c43ccd44d0a	no_nynorsklia-ud-dev.conllu
https://raw.githubusercontent.com/UniversalDependencies/UD_Norwegian-NynorskLIA/r2.10/no_nynorsklia-ud-test.conllu	608659	cb90bbe81d2689e29365a3c0fb1bedcf7e79c2665db7e9e1a170118ec9598175	no_nynorsklia-ud-test.conllu
https://raw.githubusercontent.com/UniversalDependencies/UD_Norwegian-NynorskLIA/r2.10/no_nynorsklia-ud-train.conllu	2133324	442910865fc552bd3a974b5904dc33e235e7fd92783aaa8fdb77b8d2fdc476c0	no_nynorsklia-ud-train.conllu
https://raw.githubusercontent.com/UniversalDependencies/UD_Old_Church_Slavonic-PROIEL/r2.10/cu_proiel-ud-dev.conllu	1081419	faddb454401e6d052422f55e8040653f8e10a9c627779b89d848075fbee02b3a	cu_proiel-ud-dev.conllu
https://raw.githubusercontent.com/UniversalDependencies/UD_Old_Church_Slavonic-PROIEL/r2.10/cu_proiel-ud-test.conllu	1091664	a14302203a8d5986d09a9a83449bcd699e239174eb4950a54e610d8f886991b7	cu_proiel-ud-test.conllu
https://raw.githubusercontent.com/UniversalDependencies/UD_Old_Church_Slavonic-PROIEL/r2.10/cu_proiel-ud-train.conllu	4038586	3e968f8a9d6fa92c854d275bf53ce66c95fc3fbb49ed473f853fe986968fc1b6	cu_proiel-ud-train.conllu
https://raw.githubusercontent.com/UniversalDependencies/UD_Old_East_Slavic-Birchbark/r2.10/orv_birchbark-ud-dev.conllu	1563620	611993bc92bde5158d04347f6b1f71d4c576ca33a91553557b1cc99da2da2e16	orv_birchbark-ud-dev.conllu
https://raw.githubusercontent.com/UniversalDependencies/UD_Old_East_Slavic-Birchbark/r2.10/orv_birchbark-ud-test.conllu	1571467	076839c265ae135b5350d3814cc562db1220d805fbb118b3bc6b814830100244	orv_birchbark-ud-test.conllu
https://raw.githubusercontent.com/UniversalDependencies/UD_Old_East_Slavic-Birchbark/r2.10/orv_birchbark-ud-train.conllu	1099150	adeaa6e012b036fd578be738b7bf31f0859acefeaef00a510e2faa35e0598c38	orv_birchbark-ud-train.conllu
https://raw.githubusercontent.com/UniversalDependencies/UD_Old_French-SRCMF/r2.10/fro_srcmf-ud-dev.conllu	1414448	01489547997c2cef7fbd6beda2d28e11a6a92bbbfc8ec358103174a1e7608390	fro_srcmf-ud-dev.conllu
https://raw.githubusercontent.com/UniversalDependencies/UD_Old_French-SRCMF/r2.10/fro_srcmf-ud-test.conllu	1428362	087f1d02c79973774a8de7304e8c85a4b3310c56433f62dbef33159d4b79100a	fro_srcmf-ud-test.conllu
https://raw.githubusercontent.com/UniversalDependencies/UD_Old_French-SRCMF/r2.10/fro_srcmf-ud-train.conllu	11325688	a11163cea004796683566d7ec9ec1066bb402c160b8770335bbff2ad491e00e3	fro_srcmf-ud-train.conllu
https://raw.githubusercontent.com/UniversalDependencies/UD_Old_Russian-RNC/r2.10/orv_rnc-ud-test.conllu	1688136	b0300b3de816d53216e8c3364b460afc78fe43da31c02eccdd47f11ceb28f7a9	orv_rnc-ud-test.conllu
https://raw.githubusercontent.com/UniversalDependencies/UD_Old_Russian-RNC/r2.10/orv_rnc-ud-train.conllu	1407834	c95aa2480e0420bf4d3fc39dcaf9e544c5e1c231ff0547939009725c885214f0	orv_rnc-ud-train.conllu
https://raw.githubusercontent.com/UniversalDependencies/UD_Old_Russian-TOROT/r2.10/orv_torot-ud-dev.conllu	1641884	06c19e962daa7aa3e7a2d8f74888bebf0d3e9f5628725732614519411537d7e5	orv_torot-ud-dev.conllu
https://raw.githubusercontent.com/UniversalDependencies/UD_Old_Russian-TOROT/r2.10/orv_torot-ud-test.conllu	1575715	97c1b72a91a531d0527d1a1360768af8c8de278889ea618dcc9a07d60ce4f90f	orv_torot-ud-test.conllu
https://raw.githubusercontent.com/UniversalDependencies/UD_Old_Russian-TOROT/r2.10/orv_torot-ud-train.conllu	11971448	30425c5e1206e458eba3017bbbbad15245e84c4df1ed65c7ea744c7b5d8d1157	orv_torot-ud-train.conllu
https://raw.githubusercontent.com/UniversalDependencies/UD_Old_Turkish-Tonqq/r2.10/otk_tonqq-ud-test.conllu	10688	5e3faa1555cdbeece7ea52948101825b2972760d1fad3b8eee2dda238d953724	otk_tonqq-ud-test.conllu
https://raw.githubusercontent.com/UniversalDependencies/UD_Persian-PerDT/r2.10/fa_perdt-ud-dev.conllu	1670811	5d1936ca76b427719ce6c4af602d39e816d822ce913493c3a02f12a43954140e	fa_perdt-ud-dev.conllu
https://raw.githubusercontent.com/UniversalDependencies/UD_Persian-PerDT/r2.10/fa_perdt-ud-test.conllu	1619891	86cec98a98288430c6378732a00f45cf8d19e05d0c6bb393f4a26024abe2e79b	fa_perdt-ud-test.conllu
https://raw.githubusercontent.com/UniversalDependencies/UD_Persian-PerDT/r2.10/fa_perdt-ud-train.conllu	30316132	facb0d008938265120185c6f4ae4e32a2c570e4aaedab70a8fb90206044f382f	fa_perdt-ud-train.conllu
https://raw.githubusercontent.com/UniversalDependencies/UD_Persian-Seraji/r2.10/fa_seraji-ud-dev.conllu	1013553	d2467c531b57fa54d58e8cdb95ce0a4c209f3360941bb10fdf28fbe7f9fd9b63	fa_seraji-ud-dev.conllu
https://raw.githubusercontent.com/UniversalDependencies/UD_Persian-Seraji/r2.10/fa_seraji-ud-test.conllu	1045940	ae3f13df9984063bbfb662403f0cf3f87d10b118c341bc9139484e0b6432e90d	fa_seraji-ud-test.conllu
https://raw.githubusercontent.com/UniversalDependencies/UD_Persian-Seraji/r2.10/fa_seraji-ud-train.conllu	7829936	1aee739368fd1d03b911c1054ebaeef298a9bd2594cf3f33134fc69df2f46785	fa_seraji-ud-train.conllu
https://raw.githubusercontent.com/UniversalDependencies/UD_Polish-LFG/r2.10/pl_lfg-ud-dev.conllu	1483872	70cd9b0b6360caa806e4c9380cdb5201f7419038832bf9d080051d4a143b1443	pl_lfg-ud-dev.conllu
https://raw.githubusercontent.com/UniversalDependencies/UD_Polish-LFG/r2.10/pl_lfg-ud-test.conllu	1489053	e5ccf27d5b607bf71135f33126051c3b1514d15b0f7e1d1119e71ad9cee8c950	pl_lfg-ud-test.conllu
https://raw.githubusercontent.com/UniversalDependencies/UD_Polish-LFG/r2.10/pl_lfg-ud-train.conllu	11898531	ac2ca65589af5789d2f18255fd80bb5cd07a7b278179e62165f1cf65bfc9acc2	pl_lfg-ud-train.conllu
https://raw.githubusercontent.com/UniversalDependencies/UD_Polish-PDB/r2.10/pl_pdb-ud-dev.conllu	3599463	b9eb0a26f5a13bc90fb57cb1f2342fd5d97e36c274b6cb62d8adb89174a536d5	pl_pdb-ud-dev.conllu
https://raw.githubusercontent.com/UniversalDependencies/UD_Polish-PDB/r2.10/pl_pdb-ud-test.conllu	3488603	d85afef7fdf763711ff990f64a419d463ff0115d9193ec09e97ef55e2102440b	pl_pdb-ud-test.conllu
https://raw.githubusercontent.com/UniversalDependencies/UD_Polish-PDB/r2.10/pl_pdb-ud-train.conllu	29252690	94c0d9830f57cfe1f07c519a4f213e4764f40479d2dc7ab4700beee659507a07	pl_pdb-ud-train.conllu
https://raw.githubusercontent.com/UniversalDependencies/UD_Polish-PUD/r2.10/pl_pud-ud-test.conllu	2004610	96454c32a77c0ddcb4b294b1edec2c942cbf9bd4ab5732c97149d0ce83903de2	pl_pud-ud-test.conllu
https://raw.githubusercontent.com/UniversalDependencies/UD_Portuguese-Bosque/r2.10/pt_bosque-ud-dev.conllu	1873922	c94f2115fc967a430fece76fc86c6671889933a18d208eef2156aa5871bb1d78	pt_bosque-ud-dev.conllu
https://raw.githubusercontent.com/UniversalDependencies/UD_Portuguese-Bosque/r2.10/pt_bosque-ud-test.conllu	1819881	5a713fa84107cb01b9eb0f7a855d987751032378bbdea87eb8e824616ca4e375	pt_bosque-ud-test.conllu
https://raw.githubusercontent.com/UniversalDependencies/UD_Portuguese-Bosque/r2.10/pt_bosque-ud-train.conllu	11291196	1c06009dcc55d166faf8bbf5eb1d6d210c85131bd7dde9f79169ec42d6331e24	pt_bosque-ud-train.conllu
https://raw.githubusercontent.com/UniversalDependencies/UD_Portuguese-GSD/r2.10/pt_gsd-ud-dev.conllu	1544258	227889e240a259858ac89b2bd37a78eef4a3586cc2bddafd84d9d13ccf8f15bf	pt_gsd-ud-dev.conllu
https://raw.githubusercontent.com/UniversalDependencies/UD_Portuguese-GSD/r2.10/pt_gsd-ud-test.conllu	1505339	2ed54f54c1409544f990fb269ab171f5dd543a0dd14f8e427a26aa004a2dd441	pt_gsd-ud-test.conllu
https://raw.githubusercontent.com/UniversalDependencies/UD_Portuguese-GSD/r2.10/pt_gsd-ud-train.conllu	12225547	4e46785c1ec1b190820cde8b67595b2c1ffd6cd5aa825a34cb86407b6ecd3626	pt_gsd-ud-train.conllu
https://raw.githubusercontent.com/UniversalDependencies/UD_Portuguese-PUD/r2.10/pt_pud-ud-test.conllu	1552041	60ea2dbf5c6e68be3585b7dbf19981ac9177e1207484c34050df643df7bbd47b	pt_pud-ud-test.conllu
https://raw.githubusercontent.com/UniversalDependencies/UD_Romanian-ArT/r2.10/ro_art-ud-test.conllu	45450	71cefb0314745ebda17f59a198c1aaaef90a8d369f8becfb45b0d7e282995c86	ro_art-ud-test.conllu
https://raw.githubusercontent.com/UniversalDependencies/UD_Romanian-Nonstandard/r2.10/ro_nonstandard-ud-dev.conllu	1681917	ad1fc2a59a9bdb9c030a9e576a04b1a65e5ca5abd207c6c028c61ca9392fb203	ro_nonstandard-ud-dev.conllu
https://raw.githubusercontent.com/UniversalDependencies/UD_Romanian-Nonstandard/r2.10/ro_nonstandard-ud-test.conllu	1904721	c86efcfad1e695ee355edb98af188899abe9bec3e7980eef179a4aae0bb9127f	ro_nonstandard-ud-test.conllu
https://raw.githubusercontent.com/UniversalDependencies/UD_Romanian-Nonstandard/r2.10/ro_nonstandard-ud-train.conllu	46749643	75166631996261cc11d965198e381f12163fb5bc99e959dcfc6879fcebca531c	ro_nonstandard-ud-train.conllu
https://raw.githubusercontent.com/UniversalDependencies/UD_Romanian-RRT/r2.10/ro_rrt-ud-dev.conllu	1346038	f108299cfab8a9c6200e2e15e6830710624d3757b1320ccae8ce29d9b1fd075a	ro_rrt-ud-dev.conllu
https://raw.githubusercontent.com/UniversalDependencies/UD_Romanian-RRT/r2.10/ro_rrt-ud-test.conllu	1285429	c7ef09cfe9f6d4c15a5b0a3eb0dabe8b2bbe7c4122e3e864db50544b403e66bf	ro_rrt-ud-test.conllu
https://raw.githubusercontent.com/UniversalDependencies/UD_Romanian-RRT/r2.10/ro_rrt-ud-train.conllu	14546792	e1e51fe2f062381ea6d4cd294fa3c1a30233d144fc4ba67f4538693cd2fa9683	ro_rrt-ud-train.conllu
https://raw.githubusercontent.com/UniversalDependencies/UD_Romanian-SiMoNERo/r2.10/ro_simonero-ud-dev.conllu	1192292	912702ac668c088b11cd5b610dc3c88fa4a91b6039cc7b0118714b60af196bcb	ro_simonero-ud-dev.conllu
https://raw.githubusercontent.com/UniversalDependencies/UD_Romanian-SiMoNERo/r2.10/ro_simonero-ud-test.conllu	1210885	723a8aa31f4b6523dd3b61ca899773350d6196804f92d2b485096c308eba1661	ro_simonero-ud-test.conllu
https://raw.githubusercontent.com/UniversalDependencies/UD_Romanian-SiMoNERo/r2.10/ro_simonero-ud-train.conllu	9510426	5b6927a7118b4430faf2b0da7d8bbbe7fb8988ea53a86c765c59315ba1b37d2a	ro_simonero-ud-train.conllu
https://raw.githubusercontent.com/UniversalDependencies/UD_Russian-GSD/r2.10/ru_gsd-ud-dev.conllu	1051908	4d322830d74e8d35f4b93742718cb758a8d528d1029564f4598c08f76441f99f	ru_gsd-ud-dev.conllu
https://raw.githubusercontent.com/UniversalDependencies/UD_Russian-GSD/r2.10/ru_gsd-ud-test.conllu	1027185	fa3642959614db06fdab2d7464af8a0873c70d0a2b5758758231d0ef725821ea	ru_gsd-ud-test.conllu
https://raw.githubusercontent.com/UniversalDependencies/UD_Russian-GSD/r2.10/ru_gsd-ud-train.conllu	6750960	2e6aeb49f69455fdfa9ed948e21a3fb3783a653d5a6439268dc2cbcfcab70353	ru_gsd-ud-train.conllu
https://raw.githubusercontent.com/UniversalDependencies/UD_Russian-PUD/r2.10/ru_pud-ud-test.conllu	1867908	b2c116faa1295dbfee6461c9d2c6911257eed01e2d688f7d74113f7a53f696c6	ru_pud-ud-test.conllu
https://raw.githubusercontent.com/UniversalDependencies/UD_Russian-SynTagRus/r2.10/ru_syntagrus-ud-dev.conllu	14704579	1f1eafacce48161674f9b7b3f3f8c09814fc21a695df93695611d851e54f734b	ru_syntagrus-ud-dev.conllu
https://raw.githubusercontent.com/UniversalDependencies/UD_Russian-SynTagRus/r2.10/ru_syntagrus-ud-test.conllu	14970938	f0a91036dbd11860da4d284e4b85f5eba83f120a33857a9eb304f091da56548c	ru_syntagrus-ud-test.conllu
https://raw.githubusercontent.com/UniversalDependencies/UD_Russian-SynTagRus/r2.7/ru_syntagrus-ud-dev.conllu	10903424	c941688d54a69469c25989a8a2c67451d464ee3c35d319665f08c428a9a61a79	ru_syntagrus-ud-dev.conllu
https://raw.githubusercontent.com/UniversalDependencies/UD_Russian-SynTagRus/r2.7/ru_syntagrus-ud-test.conllu	10798207	771cb3f846b9074d465c5f0abf65c88c289249ef4a2bdc92b3ddcb12849ea5e6	ru_syntagrus-ud-test.conllu
https://raw.githubusercontent.com/UniversalDependencies/UD_Russian-SynTagRus/r2.7/ru_syntagrus-ud-train.conllu	81043533	44a6ff0a831ec954ead032e2000e652aa20692eae211f18c012b9c3424ffd2fe	ru_syntagrus-ud-train.conllu
https://raw.githubusercontent.com/UniversalDependencies/UD_Russian-Taiga/r2.10/ru_taiga-ud-dev.conllu	910013	a9b2ae5f3e1577bac639b08e9072c008129d84e9ace5d399ba626a32cc9909bd	ru_taiga-ud-dev.conllu
https://raw.githubusercontent.com/UniversalDependencies/UD_Russian-Taiga/r2.10/ru_taiga-ud-test.conllu	865899	d9aea96bd7f64f70807611d4abb5417fa9c7640657ddd5726bfef950c01741df	ru_taiga-ud-test.conllu
https://raw.githubusercontent.com/UniversalDependencies/UD_Russian-Taiga/r2.10/ru_taiga-ud-train.conllu	17229332	a7fa6b207af3677849be19e28b41564bbb98cfc9768e4582cb9d0113c5258755	ru_taiga-ud-train.conllu
https://raw.githubusercontent.com/UniversalDependencies/UD_Sanskrit-UFAL/r2.10/sa_ufal-ud-test.conllu	424674	2187cf8be7458d722152aba1d4f6ef09de81fce617552a1557028c1d328e72c5	sa_ufal-ud-test.conllu
https://raw.githubusercontent.com/UniversalDependencies/UD_Sanskrit-Vedic/r2.10/sa_vedic-ud-test.conllu	727799	1f956de82ffb3adadf871b12b564267da45461db7a927224931e2810d633a3ca	sa_vedic-ud-test.conllu
https://raw.githubusercontent.com/UniversalDependencies/UD_Sanskrit-Vedic/r2.10/sa_vedic-ud-train.conllu	1313784	db757954e74655aea6d1a3d3ba59e562a1587320eb5def94161f2eb390ef9122	sa_vedic-ud-train.conllu
https://raw.githubusercontent.com/UniversalDependencies/UD_Scottish_Gaelic-ARCOSG/r2.10/gd_arcosg-ud-dev.conllu	629157	956b51a25a765dd2d15d678ab22911a7970474b0399696d456e40df44a6f34c3	gd_arcosg-ud-dev.conllu
https://raw.githubusercontent.com/UniversalDependencies/UD_Scottish_Gaelic-ARCOSG/r2.10/gd_arcosg-ud-test.conllu	621609	0662abc821e677140bc08326f75830c8e2c70ada1b2a6bcd85b768be3e3bea99	gd_arcosg-ud-test.conllu
https://raw.githubusercontent.com/UniversalDependencies/UD_Scottish_Gaelic-ARCOSG/r2.10/gd_arcosg-ud-train.conllu	4069646	2ae81b257d29cbf9b3acf4ac23d285d7073fb40497ca72146ccd70a373c600ca	gd_arcosg-ud-train.conllu
https://raw.githubusercontent.com/UniversalDependencies/UD_Serbian-SET/r2.10/sr_set-ud-dev.conllu	910200	5cee5bb03c322d00fee53dccee1f2cfdf71e904e0cfa25cdc6e30c0200a2f176	sr_set-ud-dev.conllu
https://raw.githubusercontent.com/UniversalDependencies/UD_Serbian-SET/r2.10/sr_set-ud-test.conllu	867696	ea44b2ab453150c71845d1bca3ac8ea3799cf1def7305ca49e8db3229ea33786	sr_set-ud-test.conllu
https://raw.githubusercontent.com/UniversalDependencies/UD_Serbian-SET/r2.10/sr_set-ud-train.conllu	5638277	abde69d67c593720848c354caa77d0e0ca6f5cf5a0692be4fb3b14832c7ce287	sr_set-ud-train.conllu
https://raw.githubusercontent.com/UniversalDependencies/UD_Skolt_Sami-Giellagas/r2.10/sms_giellagas-ud-test.conllu	221463	dc30e70f2a0866dc19b4ebf079dca95714272a29d2831340e1e1e16a827596b4	sms_giellagas-ud-test.conllu
https://raw.githubusercontent.com/UniversalDependencies/UD_Slovak-SNK/r2.10/sk_snk-ud-dev.conllu	1200165	b02f1bc3b816403488acebb621a229ddb117768abd6da1525639b8482c19f62a	sk_snk-ud-dev.conllu
https://raw.githubusercontent.com/UniversalDependencies/UD_Slovak-SNK/r2.10/sk_snk-ud-test.conllu	1213639	7accb5dc7bf6300e29a91be4bc8115ad8345f68407273cf664d122fcd8f73774	sk_snk-ud-test.conllu
https://raw.githubusercontent.com/UniversalDependencies/UD_Slovak-SNK/r2.10/sk_snk-ud-train.conllu	7603101	6d792f51ed236a4d67847416bbbd93874dea494ab920ecb036857b304b6a2103	sk_snk-ud-train.conllu
https://raw.githubusercontent.com/UniversalDependencies/UD_Slovenian-SSJ/r2.10/sl_ssj-ud-dev.conllu	2053615	a18ec1ea1bd7e53a3967bbfe31b733637bd4d5ca1a3a6ed8764ae9eb962ef394	sl_ssj-ud-dev.conllu
https://raw.githubusercontent.com/UniversalDependencies/UD_Slovenian-SSJ/r2.10/sl_ssj-ud-test.conllu	1988736	1eea10e23fe9e11e320721d4a42a6f366b0a5e0642dfe7fe9f19654afb807274	sl_ssj-ud-test.conllu
https://raw.githubusercontent.com/UniversalDependencies/UD_Slovenian-SSJ/r2.10/sl_ssj-ud-train.conllu	16741871	a04df3425aa6214710a47ff557573984600a18ceffd94c5cb4ad223ea2090e48	sl_ssj-ud-train.conllu
https://raw.githubusercontent.com/UniversalDependencies/UD_Slovenian-SST/r2.10/sl_sst-ud-test.conllu	901725	3bc5df45a08e79a216e48c3619c0cc11b05669377b9d1c12c9b333576ff1052e	sl_sst-ud-test.conllu
https://raw.githubusercontent.com/UniversalDependencies/UD_Slovenian-SST/r2.10/sl_sst-ud-train.conllu	1754039	4adbbe58aa8f22951337073553f76a7b38f31b70fbb5575c518cd0ea0d0e7c88	sl_sst-ud-train.conllu
https://raw.githubusercontent.com/UniversalDependencies/UD_Soi-AHA/r2.10/soj_aha-ud-test.conllu	4577	398168d915890dc78e0eb0d9fd4e8a23ba533ae40ccd9944b37b649e3d131aed	soj_aha-ud-test.conllu
https://raw.githubusercontent.com/UniversalDependencies/UD_South_Levantine_Arabic-MADAR/r2.10/ajp_madar-ud-test.conllu	43174	25fb925837c7402ab62132f8cd48aed4b4495e44987ef601b2610692dbe70ca4	ajp_madar-ud-test.conllu
https://raw.githubusercontent.com/UniversalDependencies/UD_Spanish-AnCora/r2.10/es_ancora-ud-dev.conllu	5073076	8e8237f58e72ef4d99210a33b641b19daafd9794148d741d3548416f36141fd1	es_ancora-ud-dev.conllu
https://raw.githubusercontent.com/UniversalDependencies/UD_Spanish-AnCora/r2.10/es_ancora-ud-test.conllu	5077628	668ccfea46e938c89f6e9a620fde02f26460599abd291acb7ef4c45d3b9780fc	es_ancora-ud-test.conllu
https://raw.githubusercontent.com/UniversalDependencies/UD_Spanish-AnCora/r2.10/es_ancora-ud-train.conllu	42516504	c8f91ab940e9e56609893469e0d39bc4c53ffcfd72bbfc0e114bb8ac6aa440b6	es_ancora-ud-train.conllu
https://raw.githubusercontent.com/UniversalDependencies/UD_Spanish-GSD/r2.10/es_gsd-ud-dev.conllu	2235642	8b94b165a4a24c594ce8efbd5cdcb84d4a7a65fcd926343fa0bb63a82a7fec32	es_gsd-ud-dev.conllu
https://raw.githubusercontent.com/UniversalDependencies/UD_Spanish-GSD/r2.10/es_gsd-ud-test.conllu	731698	75d6c46b48fbd3f1e670d5999c41a6da1e404ec92305d625c94bba739a6a9a02	es_gsd-ud-test.conllu
https://raw.githubusercontent.com/UniversalDependencies/UD_Spanish-GSD/r2.10/es_gsd-ud-train.conllu	23102649	f5c725c02ab84430990f553c03a38d883572d0bdebcccbdac9fbd99943ce53c2	es_gsd-ud-train.conllu
https://raw.githubusercontent.com/UniversalDependencies/UD_Spanish-PUD/r2.10/es_pud-ud-test.conllu	1677401	90485f1b51e61a223baaae94a68378c5dfeb775b7fa067b7c8b1f0297b7af2c5	es_pud-ud-test.conllu
https://raw.githubusercontent.com/UniversalDependencies/UD_Swedish-LinES/r2.10/sv_lines-ud-dev.conllu	1470457	f74713b453b5098763fcefcc27e7d38e598b6ac8f938f597bf0c0a23490c56ab	sv_lines-ud-dev.conllu
https://raw.githubusercontent.com/UniversalDependencies/UD_Swedish-LinES/r2.10/sv_lines-ud-test.conllu	1359074	5a96768c7780e72bdf5bf8f70b9956d5fff80693d8911d694683e398c0a542a8	sv_lines-ud-test.conllu
https://raw.githubusercontent.com/UniversalDependencies/UD_Swedish-LinES/r2.10/sv_lines-ud-train.conllu	4416145	ec3949f55838010e93a8cc47aaae56a5ee1d04a57b046ee5fde47f135e534068	sv_lines-ud-train.conllu
https://raw.githubusercontent.com/UniversalDependencies/UD_Swedish-PUD/r2.10/sv_pud-ud-test.conllu	1722512	ee2c98a9438bde7b1337fb44140b321b88d5bebd63b7b7d3ea163945c0744bb2	sv_pud-ud-test.conllu
https://raw.githubusercontent.com/UniversalDependencies/UD_Swedish-Talbanken/r2.10/sv_talbanken-ud-dev.conllu	854941	ec2c7532ae30506565478de368ae0a37e31245529ef4775be9342682315e19d4	sv_talbanken-ud-dev.conllu
https://raw.githubusercontent.com/UniversalDependencies/UD_Swedish-Talbanken/r2.10/sv_talbanken-ud-test.conllu	1781482	54c492f3daccc22a74441ab31f21a1f66afc572a0ca939f7bff8db3d564d7a3b	sv_talbanken-ud-test.conllu
https://raw.githubusercontent.com/UniversalDependencies/UD_Swedish-Talbanken/r2.10/sv_talbanken-ud-train.conllu	5839640	96724e9855063b8583e82aa54d1cbc5268643429b1f520e725993a70cb89f063	sv_talbanken-ud-train.conllu
https://raw.githubusercontent.com/UniversalDependencies/UD_Swedish_Sign_Language-SSLC/r2.10/swl_sslc-ud-dev.conllu	33918	e5897b36ba82896aba353d5597a00fde8f256a6da46db4c5a7b275b0c48801b0	swl_sslc-ud-dev.conllu
https://raw.githubusercontent.com/UniversalDependencies/UD_Swedish_Sign_Language-SSLC/r2.10/swl_sslc-ud-test.conllu	14170	35e57206d94273f44a8ca752e4e6e346ff0a12af5393092c200ed2009b3492a4	swl_sslc-ud-test.conllu
https://raw.githubusercontent.com/UniversalDependencies/UD_Swedish_Sign_Language-SSLC/r2.10/swl_sslc-ud-train.conllu	33611	d67d98a66bb637e6b4e886d0a5c8416b8859d703011306671e84523dda46bf39	swl_sslc-ud-train.conllu
https://raw.githubusercontent.com/UniversalDependencies/UD_Swiss_German-UZH/r2.10/gsw_uzh-ud-test.conllu	59675	1b9fcc5c87faf42775ec1f04fe7fadde75f3da3e773e9e5791fe190b35cd991c	gsw_uzh-ud-test.conllu
https://raw.githubusercontent.com/UniversalDependencies/UD_Tagalog-TRG/r2.10/tl_trg-ud-test.conllu	61344	d21eb1072f6da530de2e0e3a9065a76ae36559efd43afc7c6d48264024afa8c1	tl_trg-ud-test.conllu
https://raw.githubusercontent.com/UniversalDependencies/UD_Tagalog-Ugnayan/r2.10/tl_ugnayan-ud-test.conllu	55207	f48eb82e9baab1bf928330924e45fad2dded3b14b688178be864aa97ea68c9ef	tl_ugnayan-ud-test.conllu
https://raw.githubusercontent.com/UniversalDependencies/UD_Tamil-MWTT/r2.10/ta_mwtt-ud-test.conllu	403638	36d574368eab628c4b806005a1f888f23aa60c3cabee998b9b55fcd9b9633107	ta_mwtt-ud-test.conllu
https://raw.githubusercontent.com/UniversalDependencies/UD_Tamil-TTB/r2.10/ta_ttb-ud-dev.conllu	230783	a526b1038a8e1a087d0d5cc063dba527849a7bc2961f2e685ca0324f5f66a92e	ta_ttb-ud-dev.conllu
https://raw.githubusercontent.com/UniversalDependencies/UD_Tamil-TTB/r2.10/ta_ttb-ud-test.conllu	361554	82d34a519c727b39738e9cbd5e3a6193fbff0e6a3801a3a85929ec3fdc945ac2	ta_ttb-ud-test.conllu
https://raw.githubusercontent.com/UniversalDependencies/UD_Tamil-TTB/r2.10/ta_ttb-ud-train.conllu	1164365	c7eaefb217435087d31df854db56e11213e7c7cba9e480c3bde31e996fff1cd5	ta_ttb-ud-train.conllu
https://raw.githubusercontent.com/UniversalDependencies/UD_Telugu-MTG/r2.10/te_mtg-ud-dev.conllu	65827	9535ce25afe65d1ec6f954130e9429ef128616abc37054c64aa9beef74edfcb8	te_mtg-ud-dev.conllu
https://raw.githubusercontent.com/UniversalDependencies/UD_Telugu-MTG/r2.10/te_mtg-ud-test.conllu	71741	0fd613080ac6190f5471628a91b217d22ea288dbf11ef5a9e73a1ecbdae0bf70	te_mtg-ud-test.conllu
https://raw.githubusercontent.com/UniversalDependencies/UD_Telugu-MTG/r2.10/te_mtg-ud-train.conllu	506188	86196365ce36161d8574b3f0c78261570770f42c17f4a18e2bf057662c2ba758	te_mtg-ud-train.conllu
https://raw.githubusercontent.com/UniversalDependencies/UD_Thai-PUD/r2.10/th_pud-ud-test.conllu	1604783	7635a92fbb2fffc0eb75bc8cd4644a2b2a3048b1b66168b46e1bad06736936e9	th_pud-ud-test.conllu
https://raw.githubusercontent.com/UniversalDependencies/UD_Tupinamba-TuDeT/r2.10/tpn_tudet-ud-test.conllu	300597	d650b142b621e04cc8b698939b18e6701d0f8db8744d07a868772c180fe67bcc	tpn_tudet-ud-test.conllu
https://raw.githubusercontent.com/UniversalDependencies/UD_Turkish-Atis/r2.10/tr_atis-ud-dev.conllu	357881	81bc09aa887c051c8690f7d4538cf5832ce8ef534350d1655d0eb4f12116d30d	tr_atis-ud-dev.conllu
https://raw.githubusercontent.com/UniversalDependencies/UD_Turkish-Atis/r2.10/tr_atis-ud-test.conllu	362321	5e32cd76bf60645f52a3baf7f078c98b87e516a88b73f020e1487349e54138a2	tr_atis-ud-test.conllu
https://raw.githubusercontent.com/UniversalDependencies/UD_Turkish-Atis/r2.10/tr_atis-ud-train.conllu	2698094	a27e78b8c657c670ff1a832db4ff42575ca33c95c005b1997c9f315955bb8691	tr_atis-ud-train.conllu
https://raw.githubusercontent.com/UniversalDependencies/UD_Turkish-BOUN/r2.10/tr_boun-ud-dev.conllu	937669	d24a614bc9601f75626f4265218d1e0637562ecf3070317a465866a17c56597a	tr_boun-ud-dev.conllu
https://raw.githubusercontent.com/UniversalDependencies/UD_Turkish-BOUN/r2.10/tr_boun-ud-test.conllu	940966	1c77b57621c5df3ad63bec681721bbff94b5d54d3eecead64b486b8e96c36ed9	tr_boun-ud-test.conllu
https://raw.githubusercontent.com/UniversalDependencies/UD_Turkish-BOUN/r2.10/tr_boun-ud-train.conllu	7636279	2122b2c6f10a6d3a616674de1497fd149c47d5d38ffa652261b471bfa746ffee	tr_boun-ud-train.conllu
https://raw.githubusercontent.com/UniversalDependencies/UD_Turkish-FrameNet/r2.10/tr_framenet-ud-dev.conllu	110801	6d08af8839aca23a24765e8b85dafa74af6629aace2d07663eeca4e76100f2db	tr_framenet-ud-dev.conllu
https://raw.githubusercontent.com/UniversalDependencies/UD_Turkish-FrameNet/r2.10/tr_framenet-ud-test.conllu	113924	b56428f30f0551078ec0f9b4823a44dcc0fc1f9be85ee3549bdf0989952870b7	tr_framenet-ud-test.conllu
https://raw.githubusercontent.com/UniversalDependencies/UD_Turkish-FrameNet/r2.10/tr_framenet-ud-train.conllu	1271376	2ed86baa6b4e3ad73cfcc852e879e3b0afe48c47ee32d9744cfc45827cbcb524	tr_framenet-ud-train.conllu
https://raw.githubusercontent.com/UniversalDependencies/UD_Turkish-GB/r2.10/tr_gb-ud-test.conllu	1473964	b497755558672bf0720441b77615097387e88c7a5f141add6f6ebae327d6c959	tr_gb-ud-test.conllu
https://raw.githubusercontent.com/UniversalDependencies/UD_Turkish-IMST/r2.10/tr_imst-ud-dev.conllu	817077	3c7effef5d42c6a8882873563977c60e2242bbad376e40148926c83072f60085	tr_imst-ud-dev.conllu
https://raw.githubusercontent.com/UniversalDependencies/UD_Turkish-IMST/r2.10/tr_imst-ud-test.conllu	821001	7827ad1f907cb79d25fd989a25fe0195b2b03ffe4ee5b640f2e8abf696132c44	tr_imst-ud-test.conllu
https://raw.githubusercontent.com/UniversalDependencies/UD_Turkish-IMST/r2.10/tr_imst-ud-train.conllu	3085967	3e70080155030c5dad639096185e06edb21bcab2eb279d6315bcc72616a88efd	tr_imst-ud-train.conllu
https://raw.githubusercontent.com/UniversalDependencies/UD_Turkish-Kenet/r2.10/tr_kenet-ud-dev.conllu	1266598	436be71c52a0fcaefc6ff1fe862f793701745f87be385a3cbbfdbfa6d7091094	tr_kenet-ud-dev.conllu
https://raw.githubusercontent.com/UniversalDependencies/UD_Turkish-Kenet/r2.10/tr_kenet-ud-test.conllu	1294046	814e21b8ddde066489d06d52228f40067f4e7dc89e147548bbba94f776a9a6fd	tr_kenet-ud-test.conllu
https://raw.githubusercontent.com/UniversalDependencies/UD_Turkish-Kenet/r2.10/tr_kenet-ud-train.conllu	10188886	d16822d39e94b949f2eeb6e61313b8a9bf6d103e2f5fe6cc2589631c0c5b1390	tr_kenet-ud-train.conllu
https://raw.githubusercontent.com/UniversalDependencies/UD_Turkish-PUD/r2.10/tr_pud-ud-test.conllu	1352481	169616e7bbb545fcd5ae8486876b33599d80d55918388251a32610f8ccfd6273	tr_pud-ud-test.conllu
https://raw.githubusercontent.com/UniversalDependencies/UD_Turkish-Penn/r2.10/tr_penn-ud-dev.conllu	488503	c19fce76c5393a01c0c7a5759bdf8adb1652d2a4cfbc27a2cd18b17772dc5b42	tr_penn-ud-dev.conllu
https://raw.githubusercontent.com/UniversalDependencies/UD_Turkish-Penn/r2.10/tr_penn-ud-test.conllu	699234	1b363c4aa83de94a2f8646eadaeb9b73babd1bf868f996a2a224069767f014b0	tr_penn-ud-test.conllu
https://raw.githubusercontent.com/UniversalDependencies/UD_Turkish-Penn/r2.10/tr_penn-ud-train.conllu	11695289	a927a430fb2bd97ccbf89592e8335d4450abf87bde2e9fc938d97123441aabf4	tr_penn-ud-train.conllu
https://raw.githubusercontent.com/UniversalDependencies/UD_Turkish-Tourism/r2.10/tr_tourism-ud-dev.conllu	765494	686b43edaef6c7556c7fe9cb9459833cbd49e4dcab08ddf978c94eafe2779aad	tr_tourism-ud-dev.conllu
https://raw.githubusercontent.com/UniversalDependencies/UD_Turkish-Tourism/r2.10/tr_tourism-ud-test.conllu	732553	53844fd69bdde2703ede4fc14665d2b8b56683d00df133adf08612beea209668	tr_tourism-ud-test.conllu
https://raw.githubusercontent.com/UniversalDependencies/UD_Turkish-Tourism/r2.10/tr_tourism-ud-train.conllu	5296533	914004b659da7272c149863e1b3ac5b962a17a06cf05f5bedde296a050678de4	tr_tourism-ud-train.conllu
https://raw.githubusercontent.com/UniversalDependencies/UD_Turkish_German-SAGT/r2.10/qtd_sagt-ud-dev.conllu	1012116	e3c0bf0989a8a4631a3a9ed2b04edf17180e4b57d92257051d175feff9112e4c	qtd_sagt-ud-dev.conllu
https://raw.githubusercontent.com/UniversalDependencies/UD_Turkish_German-SAGT/r2.10/qtd_sagt-ud-test.conllu	1110617	a3b04ad26a947ee56089b1c5dfd7032c1ab50d136d764ada34e07f685c443cc6	qtd_sagt-ud-test.conllu
https://raw.githubusercontent.com/UniversalDependencies/UD_Turkish_German-SAGT/r2.10/qtd_sagt-ud-train.conllu	788799	7bdf75a13f101ebecf77cea40f7726ac29f380da9c51e9b68578f9f46e531bfc	qtd_sagt-ud-train.conllu
https://raw.githubusercontent.com/UniversalDependencies/UD_Ukrainian-IU/r2.10/uk_iu-ud-dev.conllu	1805751	58f29075d11849a89bc29c311eccf9bafd7164603b335754214bba3a617c0f42	uk_iu-ud-dev.conllu
https://raw.githubusercontent.com/UniversalDependencies/UD_Ukrainian-IU/r2.10/uk_iu-ud-test.conllu	2485663	5c7f06de08b149e7c25b6f888539c111532aed22a23dc48e2e2e750cc214143e	uk_iu-ud-test.conllu
https://raw.githubusercontent.com/UniversalDependencies/UD_Ukrainian-IU/r2.10/uk_iu-ud-train.conllu	13053081	b68a311f4b953a5d84fdcdc0cd0ce5988bf332d91a97b4c7f795813c1d18f711	uk_iu-ud-train.conllu
https://raw.githubusercontent.com/UniversalDependencies/UD_Upper_Sorbian-UFAL/r2.10/hsb_ufal-ud-test.conllu	748267	a3733ff83e4168316b4512fcf990e7004376c619fa2523ffc9b26d311a12d3ff	hsb_ufal-ud-test.conllu
https://raw.githubusercontent.com/UniversalDependencies/UD_Upper_Sorbian-UFAL/r2.10/hsb_ufal-ud-train.conllu	32668	dd7278a77478fc51c3f4bdd68fca6bb32287b60ec60e19cca7d97e396d45d576	hsb_ufal-ud-train.conllu
https://raw.githubusercontent.com/UniversalDependencies/UD_Urdu-UDTB/r2.10/ur_udtb-ud-dev.conllu	1675716	d5e2e457feef95c6f082077d70461efc597de3a30745913768b6cb9763f37702	ur_udtb-ud-dev.conllu
https://raw.githubusercontent.com/UniversalDependencies/UD_Urdu-UDTB/r2.10/ur_udtb-ud-test.conllu	1708225	aebb77eeaf0acce237ffcfb22d3ab6bc4b5a6a341eb3ad9a5ccc4d155ac05198	ur_udtb-ud-test.conllu
https://raw.githubusercontent.com/UniversalDependencies/UD_Urdu-UDTB/r2.10/ur_udtb-ud-train.conllu	12517066	61abe64a0ca5372f0ef9461e0f2324dcf5c5ff9d4b1ca8a05672fb5bb43870ba	ur_udtb-ud-train.conllu
https://raw.githubusercontent.com/UniversalDependencies/UD_Uyghur-UDT/r2.10/ug_udt-ud-dev.conllu	908424	43fa1b117ad90868dc526f6f782dafd384b1aa37aff4548ef04caae88a8d69d2	ug_udt-ud-dev.conllu
https://raw.githubusercontent.com/UniversalDependencies/UD_Uyghur-UDT/r2.10/ug_udt-ud-test.conllu	884306	e546c8a880f8a8df3ef260a3e0a28125d0a0032f47c89341bb76d8f103bb1cec	ug_udt-ud-test.conllu
https://raw.githubusercontent.com/UniversalDependencies/UD_Uyghur-UDT/r2.10/ug_udt-ud-train.conllu	1663651	835ac0f57cb9e9304ed30cdd7848025fa9edac98a9f58c6eb7b358fa7d04c4ac	ug_udt-ud-train.conllu
https://raw.githubusercontent.com/UniversalDependencies/UD_Vietnamese-VTB/r2.10/vi_vtb-ud-dev.conllu	534964	00eba1edf095a46de61a823d6688f217ba7146f1358b82f3cf3a4bd7d6f0704e	vi_vtb-ud-dev.conllu
https://raw.githubusercontent.com/UniversalDependencies/UD_Vietnamese-VTB/r2.10/vi_vtb-ud-test.conllu	558630	b08df1cac9f1707ca0e6b079b36f51937a62ea4e25112e6cdc11b31b68583ba3	vi_vtb-ud-test.conllu
https://raw.githubusercontent.com/UniversalDependencies/UD_Vietnamese-VTB/r2.10/vi_vtb-ud-train.conllu	961935	91f68ce021e3efb077b941a6003a7f9c61e0a9bfc0ef0a5452ab08387db0dc9e	vi_vtb-ud-train.conllu
https://raw.githubusercontent.com/UniversalDependencies/UD_Warlpiri-UFAL/r2.10/wbp_ufal-ud-test.conllu	38486	4a890f5dca1e25850503da5cfb4ca43146a5c23241c4751487387337bc4ae4c9	wbp_ufal-ud-test.conllu
https://raw.githubusercontent.com/UniversalDependencies/UD_Welsh-CCG/r2.10/cy_ccg-ud-test.conllu	1158494	3be8c2dcef314316ed17ec64024dd2392d97ce3f6efde3dfc6a96826c59a766b	cy_ccg-ud-test.conllu
https://raw.githubusercontent.com/UniversalDependencies/UD_Welsh-CCG/r2.10/cy_ccg-ud-train.conllu	1232999	959c03b4ba2fdca165312b6ab17c0e55bb826f4b2032d4c361e0d9cb2c4fbd88	cy_ccg-ud-train.conllu
https://raw.githubusercontent.com/UniversalDependencies/UD_Wolof-WTB/r2.10/wo_wtb-ud-dev.conllu	640384	062c57ed32c29cf988790e61a22dcc1e51dd7192d034468988136b4dbf781d78	wo_wtb-ud-dev.conllu
https://raw.githubusercontent.com/UniversalDependencies/UD_Wolof-WTB/r2.10/wo_wtb-ud-test.conllu	653164	e6b3b971e96b391cdb7187b76e31f4636ac6e81c4b41fa9a3dea341498778ac8	wo_wtb-ud-test.conllu
https://raw.githubusercontent.com/UniversalDependencies/UD_Wolof-WTB/r2.10/wo_wtb-ud-train.conllu	1480459	f90c40c50805fe1cd830671bf81610f33a952dc25b3b69824cdd3e9e739ff8e2	wo_wtb-ud-train.conllu
https://raw.githubusercontent.com/UniversalDependencies/UD_Xibe-XDT/r2.10/sjo_xdt-ud-test.conllu	1571703	b3241db7f1e57ae92c6b3e306c36fff76d3b372dc374353c7a8f8e4fa65e6a5a	sjo_xdt-ud-test.conllu
https://raw.githubusercontent.com/UniversalDependencies/UD_Yakut-YKTDT/r2.10/sah_yktdt-ud-test.conllu	53004	8a666fdddced37c5aa6655e9968a6de2ab0e0d0d84dcfe9ea467b2d0271746e7	sah_yktdt-ud-test.conllu
https://raw.githubusercontent.com/UniversalDependencies/UD_Yoruba-YTB/r2.10/yo_ytb-ud-test.conllu	567955	89196f6708fcd9cd96a5d0ad2043e37a39fa33657916236bef02b4039622569b	yo_ytb-ud-test.conllu
https://raw.githubusercontent.com/UniversalDependencies/UD_Yupik-SLI/r2.10/ess_sli-ud-test.conllu	310142	7fa6d43981be1d2eb0875dd15c3163a2588182343ba304d3339a4565d21f38f0	ess_sli-ud-test.conllu
