https://storage.googleapis.com/gresearch/dialog-inpainting/WikiDialog_OQ/data_train.jsonl-00000-of-00099.gz	75515047	ee984fd4d4a76f80eeaa7fe57432639b7d038eeca4e1830973a26710a820a7ea	data_train.jsonl-00000-of-00099.gz
https://storage.googleapis.com/gresearch/dialog-inpainting/WikiDialog_OQ/data_train.jsonl-00001-of-00099.gz	75606909	37730dbf53bc2ec7289823da81795d74adf3339d064643e1c230a487d7b5a1d5	data_train.jsonl-00001-of-00099.gz
https://storage.googleapis.com/gresearch/dialog-inpainting/WikiDialog_OQ/data_train.jsonl-00002-of-00099.gz	75625447	bf2952004efec653baf7c941b5ae549cfcd7c2ecd35f1d0e1144b90267d1175a	data_train.jsonl-00002-of-00099.gz
https://storage.googleapis.com/gresearch/dialog-inpainting/WikiDialog_OQ/data_train.jsonl-00003-of-00099.gz	75967507	c8282e07aee9ddeab13aa42b32ac157839d7eff3cd9dfa757b17b230561280cc	data_train.jsonl-00003-of-00099.gz
https://storage.googleapis.com/gresearch/dialog-inpainting/WikiDialog_OQ/data_train.jsonl-00004-of-00099.gz	75434566	6ff97a007733601b1ade232fbe1ac781f5859ab04614c27a42d62062e33d3839	data_train.jsonl-00004-of-00099.gz
https://storage.googleapis.com/gresearch/dialog-inpainting/WikiDialog_OQ/data_train.jsonl-00005-of-00099.gz	75603164	3aa7349e31425beb0695cc8061a09ab54a4f0a6f5c4e486df4b1444c6bad197e	data_train.jsonl-00005-of-00099.gz
https://storage.googleapis.com/gresearch/dialog-inpainting/WikiDialog_OQ/data_train.jsonl-00006-of-00099.gz	75875255	2eb0390e2ab24cb1ff38232f7b74bb5578966fefc5dd54eef76ef2db57d8f256	data_train.jsonl-00006-of-00099.gz
https://storage.googleapis.com/gresearch/dialog-inpainting/WikiDialog_OQ/data_train.jsonl-00007-of-00099.gz	75916733	df023784cd9b97d90d9f0fa40d17a517c93d694427f7f3bbadbdde07ab1df52b	data_train.jsonl-00007-of-00099.gz
https://storage.googleapis.com/gresearch/dialog-inpainting/WikiDialog_OQ/data_train.jsonl-00008-of-00099.gz	75556121	9b01faba08a3e1bdc9a11c343d1cc1cfdd38581708cecd6579f991cb3c069e82	data_train.jsonl-00008-of-00099.gz
https://storage.googleapis.com/gresearch/dialog-inpainting/WikiDialog_OQ/data_train.jsonl-00009-of-00099.gz	75844529	6a510342855f596ad5f1736870408b2d09a48024e03beea38cfc4e82feddab37	data_train.jsonl-00009-of-00099.gz
https://storage.googleapis.com/gresearch/dialog-inpainting/WikiDialog_OQ/data_train.jsonl-00010-of-00099.gz	75426073	d78184fafa10aa14608696893a2b07a4d874a18e125d1b9047a7cfae56749f66	data_train.jsonl-00010-of-00099.gz
https://storage.googleapis.com/gresearch/dialog-inpainting/WikiDialog_OQ/data_train.jsonl-00011-of-00099.gz	75155465	a10c9dbeb5ac9303303a6086ae5da7721bb5c97800be3991dae5926e05c15369	data_train.jsonl-00011-of-00099.gz
https://storage.googleapis.com/gresearch/dialog-inpainting/WikiDialog_OQ/data_train.jsonl-00012-of-00099.gz	75626852	b7302e79c37c0cfc2d8482089083a7c0aaf8f97216639891e7fe29771bfb4dad	data_train.jsonl-00012-of-00099.gz
https://storage.googleapis.com/gresearch/dialog-inpainting/WikiDialog_OQ/data_train.jsonl-00013-of-00099.gz	75552063	76039450e5144b9009ff7e3536ce8607007c10a5bf4994d5866a78ac9cd5299a	data_train.jsonl-00013-of-00099.gz
https://storage.googleapis.com/gresearch/dialog-inpainting/WikiDialog_OQ/data_train.jsonl-00014-of-00099.gz	75644564	858d4a2c4f568d13c8b661277a6793dbe4144ad1740c11db73edfa15d34e6b17	data_train.jsonl-00014-of-00099.gz
https://storage.googleapis.com/gresearch/dialog-inpainting/WikiDialog_OQ/data_train.jsonl-00015-of-00099.gz	75511292	0f49dbafd5b68ff015cc7a5fabdf09aaa2bf1f1e3a076193aae57da50b44cb3c	data_train.jsonl-00015-of-00099.gz
https://storage.googleapis.com/gresearch/dialog-inpainting/WikiDialog_OQ/data_train.jsonl-00016-of-00099.gz	75532237	3b801fc8b3a99bfec4019b7330194bb53b63adc651ccfa6a116746c727621ae5	data_train.jsonl-00016-of-00099.gz
https://storage.googleapis.com/gresearch/dialog-inpainting/WikiDialog_OQ/data_train.jsonl-00017-of-00099.gz	75805145	9c6b43b80734a6fa7ff798cc090882c73f161d06156432aaaad90ff3fe37e81c	data_train.jsonl-00017-of-00099.gz
https://storage.googleapis.com/gresearch/dialog-inpainting/WikiDialog_OQ/data_train.jsonl-00018-of-00099.gz	75223690	aa93954b19ae9a05d743832ff97a0763db8ff5b62cb2369b2e7520be9c146e95	data_train.jsonl-00018-of-00099.gz
https://storage.googleapis.com/gresearch/dialog-inpainting/WikiDialog_OQ/data_train.jsonl-00019-of-00099.gz	75882856	a2a335e47c9dedf2818670f747fbd45c03aa08cc6412930c4e969ecc9dba840d	data_train.jsonl-00019-of-00099.gz
https://storage.googleapis.com/gresearch/dialog-inpainting/WikiDialog_OQ/data_train.jsonl-00020-of-00099.gz	75398730	fab063c81103eb3fc60b74ea2c75b1a3e4680549a6d072fe7e860525d95ed2de	data_train.jsonl-00020-of-00099.gz
https://storage.googleapis.com/gresearch/dialog-inpainting/WikiDialog_OQ/data_train.jsonl-00021-of-00099.gz	75311890	f6f716ea28bba70cbdbebae8d3944b4c2cb9ea0db296e63d793a9b6eae9b3a15	data_train.jsonl-00021-of-00099.gz
https://storage.googleapis.com/gresearch/dialog-inpainting/WikiDialog_OQ/data_train.jsonl-00022-of-00099.gz	75595612	ff27beba04454dc86570006aedab5e34c24e6165484ddc51c5859b850ac7bc74	data_train.jsonl-00022-of-00099.gz
https://storage.googleapis.com/gresearch/dialog-inpainting/WikiDialog_OQ/data_train.jsonl-00023-of-00099.gz	75647540	8ff1712e63fbbe526f59f69ef673143c7b6512167cba682cb942e0f42a2a2175	data_train.jsonl-00023-of-00099.gz
https://storage.googleapis.com/gresearch/dialog-inpainting/WikiDialog_OQ/data_train.jsonl-00024-of-00099.gz	75654029	c8d6da1e1194e74f629128e9f41a5c3e29e0557dc6c453d60dd5d4829f703388	data_train.jsonl-00024-of-00099.gz
https://storage.googleapis.com/gresearch/dialog-inpainting/WikiDialog_OQ/data_train.jsonl-00025-of-00099.gz	75365839	54378f0b22683fdb9dfc56ae7b6592569760612721f718c65feda9e9b9302f7e	data_train.jsonl-00025-of-00099.gz
https://storage.googleapis.com/gresearch/dialog-inpainting/WikiDialog_OQ/data_train.jsonl-00026-of-00099.gz	75553979	01ba3d20de597a4ee3bfa417a8c2940e125f05f8ae6253ce31e352f6b8a61d03	data_train.jsonl-00026-of-00099.gz
https://storage.googleapis.com/gresearch/dialog-inpainting/WikiDialog_OQ/data_train.jsonl-00027-of-00099.gz	75316167	c7de2cd7baa9650e02983eb5123592c7154da1354376ff4cc620864c3483efa4	data_train.jsonl-00027-of-00099.gz
https://storage.googleapis.com/gresearch/dialog-inpainting/WikiDialog_OQ/data_train.jsonl-00028-of-00099.gz	75547743	b4a7327e743baf80fb3939548ddc3c87fb9537d78d0716253604da765b6562d3	data_train.jsonl-00028-of-00099.gz
https://storage.googleapis.com/gresearch/dialog-inpainting/WikiDialog_OQ/data_train.jsonl-00029-of-00099.gz	76087781	2962e986e7ab68e6e66514ec54a3c3a125db88b49409c3f01e8a4cd4648fcf49	data_train.jsonl-00029-of-00099.gz
https://storage.googleapis.com/gresearch/dialog-inpainting/WikiDialog_OQ/data_train.jsonl-00030-of-00099.gz	75450763	310ab16bfa3fc476554c770c0a493f1a8098216486c72d06162af25be030e9bf	data_train.jsonl-00030-of-00099.gz
https://storage.googleapis.com/gresearch/dialog-inpainting/WikiDialog_OQ/data_train.jsonl-00031-of-00099.gz	75459527	d741ced957631d717e4a62cd57b6fd574bb775f9bcfae0878b993ed9ef920edb	data_train.jsonl-00031-of-00099.gz
https://storage.googleapis.com/gresearch/dialog-inpainting/WikiDialog_OQ/data_train.jsonl-00032-of-00099.gz	75706213	83328f46db5308955c94789dfbaa87cf83ac465798649c6c999aef1fffdaade3	data_train.jsonl-00032-of-00099.gz
https://storage.googleapis.com/gresearch/dialog-inpainting/WikiDialog_OQ/data_train.jsonl-00033-of-00099.gz	75782005	54f9ae65554f588761f374a2db42fa8f8d50e3fb1384135006496d6db12e35c0	data_train.jsonl-00033-of-00099.gz
https://storage.googleapis.com/gresearch/dialog-inpainting/WikiDialog_OQ/data_train.jsonl-00034-of-00099.gz	76163132	7406bcac62706163a6315cabcec636171de99f163e8d274d39da57e1ba8ecf39	data_train.jsonl-00034-of-00099.gz
https://storage.googleapis.com/gresearch/dialog-inpainting/WikiDialog_OQ/data_train.jsonl-00035-of-00099.gz	75616313	435f78713ac540bacb407970438ec915b9d912617ddd3e189a23420e7149b393	data_train.jsonl-00035-of-00099.gz
https://storage.googleapis.com/gresearch/dialog-inpainting/WikiDialog_OQ/data_train.jsonl-00036-of-00099.gz	75445802	2266dd390bab99c0596aa53d50c3087bc0b4336f72bc6306984e6101f7573f31	data_train.jsonl-00036-of-00099.gz
https://storage.googleapis.com/gresearch/dialog-inpainting/WikiDialog_OQ/data_train.jsonl-00037-of-00099.gz	75304389	013564f514851b6b07997126d41acf8bde47a1564f9d49d9e6354b0550079661	data_train.jsonl-00037-of-00099.gz
https://storage.googleapis.com/gresearch/dialog-inpainting/WikiDialog_OQ/data_train.jsonl-00038-of-00099.gz	75619670	7e0f765ce04724b1f96a78ac5231195734d705cb527446af80031fe99c0a47aa	data_train.jsonl-00038-of-00099.gz
https://storage.googleapis.com/gresearch/dialog-inpainting/WikiDialog_OQ/data_train.jsonl-00039-of-00099.gz	76251854	58d00b3ea50daae91bddc33f864bac4953def00a825cf08cc5425ded2dc5eaf0	data_train.jsonl-00039-of-00099.gz
https://storage.googleapis.com/gresearch/dialog-inpainting/WikiDialog_OQ/data_train.jsonl-00040-of-00099.gz	75641249	d02a386e8c38f9eab371fc07133a5c19fe2d83a3f54746becdfeb284b7b60da4	data_train.jsonl-00040-of-00099.gz
https://storage.googleapis.com/gresearch/dialog-inpainting/WikiDialog_OQ/data_train.jsonl-00041-of-00099.gz	75891851	24241248129c3553a97585577c73162a65fb25135267c39fb080326f23efa81f	data_train.jsonl-00041-of-00099.gz
https://storage.googleapis.com/gresearch/dialog-inpainting/WikiDialog_OQ/data_train.jsonl-00042-of-00099.gz	75245712	f5ac8c7458aad2284116b12eff9f8ad4e74cae5c4a77ed1e480f5023155852df	data_train.jsonl-00042-of-00099.gz
https://storage.googleapis.com/gresearch/dialog-inpainting/WikiDialog_OQ/data_train.jsonl-00043-of-00099.gz	75627937	791e656f7ec15aada435160e61868a3820ce910be16caafe5a8490749291ee5a	data_train.jsonl-00043-of-00099.gz
https://storage.googleapis.com/gresearch/dialog-inpainting/WikiDialog_OQ/data_train.jsonl-00044-of-00099.gz	75482475	e562dac8e59a5386d9385726f1ffdb5118ce5b54436088d0226f46631f4054f4	data_train.jsonl-00044-of-00099.gz
https://storage.googleapis.com/gresearch/dialog-inpainting/WikiDialog_OQ/data_train.jsonl-00045-of-00099.gz	75488760	ff642ae1a7162f15973bf684d226195b2138c82ee7894b447202b4c2129baa72	data_train.jsonl-00045-of-00099.gz
https://storage.googleapis.com/gresearch/dialog-inpainting/WikiDialog_OQ/data_train.jsonl-00046-of-00099.gz	75159163	9ff31d4e50c1f1c48871492d73ef66a0fcd0d01798966ac1a0035109aa6ddd61	data_train.jsonl-00046-of-00099.gz
https://storage.googleapis.com/gresearch/dialog-inpainting/WikiDialog_OQ/data_train.jsonl-00047-of-00099.gz	75958047	0980bb5dc6bffff8e0ae0be4cd390649a5a0f5f47a45f226f9623b00f6c73782	data_train.jsonl-00047-of-00099.gz
https://storage.googleapis.com/gresearch/dialog-inpainting/WikiDialog_OQ/data_train.jsonl-00048-of-00099.gz	75654598	133674a7cbd6501ae44b29e80784144ee2ff255814ef27256c2b0baf8b15b7b4	data_train.jsonl-00048-of-00099.gz
https://storage.googleapis.com/gresearch/dialog-inpainting/WikiDialog_OQ/data_train.jsonl-00049-of-00099.gz	75567866	bbbd8a4700d8587e300aa0551ce32ef8d71cbc7354992ddb45bf2cbffeec5369	data_train.jsonl-00049-of-00099.gz
https://storage.googleapis.com/gresearch/dialog-inpainting/WikiDialog_OQ/data_train.jsonl-00050-of-00099.gz	75724137	1cdcc58dbe1b14df2261e465063601b0ee5d1d955eae104ff83d1f28ec49d518	data_train.jsonl-00050-of-00099.gz
https://storage.googleapis.com/gresearch/dialog-inpainting/WikiDialog_OQ/data_train.jsonl-00051-of-00099.gz	75661458	ede4220286d57f57a83d2356a81baab13cf0f52f52c65e6fcaed0b54b3ef31dc	data_train.jsonl-00051-of-00099.gz
https://storage.googleapis.com/gresearch/dialog-inpainting/WikiDialog_OQ/data_train.jsonl-00052-of-00099.gz	76019734	3033430e983c6f425fd32990d19ba34d345bde0606ed4cde01a223d38f7f3bbe	data_train.jsonl-00052-of-00099.gz
https://storage.googleapis.com/gresearch/dialog-inpainting/WikiDialog_OQ/data_train.jsonl-00053-of-00099.gz	75550985	3d15bc9c12a1a3cf1642a755e67644644226dd4ed5cd9bf3915ac5b007bba1a2	data_train.jsonl-00053-of-00099.gz
https://storage.googleapis.com/gresearch/dialog-inpainting/WikiDialog_OQ/data_train.jsonl-00054-of-00099.gz	76154917	beabfc4f3d09462e429c56e389d47474ca12960083fbdbec1b5a16d2482b62f3	data_train.jsonl-00054-of-00099.gz
https://storage.googleapis.com/gresearch/dialog-inpainting/WikiDialog_OQ/data_train.jsonl-00055-of-00099.gz	75579055	b1d239a710f9eefb5ff22bef24e31bd6764703c2cae8ef611d93cfdc4f5e20bc	data_train.jsonl-00055-of-00099.gz
https://storage.googleapis.com/gresearch/dialog-inpainting/WikiDialog_OQ/data_train.jsonl-00056-of-00099.gz	75899752	c6022b465e13e2a34f4f54ca9f81fdd1df9342833588c178bb8866703a3e7c14	data_train.jsonl-00056-of-00099.gz
https://storage.googleapis.com/gresearch/dialog-inpainting/WikiDialog_OQ/data_train.jsonl-00057-of-00099.gz	75258341	692f3052c12e44baed2d058adef6e5976495956508bcc0e5519c90373d70bfef	data_train.jsonl-00057-of-00099.gz
https://storage.googleapis.com/gresearch/dialog-inpainting/WikiDialog_OQ/data_train.jsonl-00058-of-00099.gz	75428005	30dec12617d02a133d6604e0edff499c696aa5b7bcde109eadac6015b9950f5a	data_train.jsonl-00058-of-00099.gz
https://storage.googleapis.com/gresearch/dialog-inpainting/WikiDialog_OQ/data_train.jsonl-00059-of-00099.gz	75243290	73eb2c735e1f934dd81471f50cc2e8acc464b8eb05aa9f21a30902fac6339637	data_train.jsonl-00059-of-00099.gz
https://storage.googleapis.com/gresearch/dialog-inpainting/WikiDialog_OQ/data_train.jsonl-00060-of-00099.gz	75411008	cf4da59cb4c894328ccb4b0e0f23092644f117717caefd8a7cf98e1e3cd3c7f1	data_train.jsonl-00060-of-00099.gz
https://storage.googleapis.com/gresearch/dialog-inpainting/WikiDialog_OQ/data_train.jsonl-00061-of-00099.gz	75588864	c940f3c56fe67974b3be4d7b6fbb277977fd8468370cb2616359aa0d2a832e36	data_train.jsonl-00061-of-00099.gz
https://storage.googleapis.com/gresearch/dialog-inpainting/WikiDialog_OQ/data_train.jsonl-00062-of-00099.gz	75256025	c5f4a84da96eb449e715422d7f161acb14bd81c45c50dc775b955b4d2bdd7c95	data_train.jsonl-00062-of-00099.gz
https://storage.googleapis.com/gresearch/dialog-inpainting/WikiDialog_OQ/data_train.jsonl-00063-of-00099.gz	75325116	33145975c3f3a241837eb1467bd88552cf25d6f1e41691be69a247072bd51133	data_train.jsonl-00063-of-00099.gz
https://storage.googleapis.com/gresearch/dialog-inpainting/WikiDialog_OQ/data_train.jsonl-00064-of-00099.gz	75695618	a7fcb2fec368af9f8cab03f47c70d6557897f529d170f98a9347831aef91d52b	data_train.jsonl-00064-of-00099.gz
https://storage.googleapis.com/gresearch/dialog-inpainting/WikiDialog_OQ/data_train.jsonl-00065-of-00099.gz	75418707	4f95a9b2ee89b0e275773cc7fd474b10b48e7fc80e2d49d7a43bcfd44efad268	data_train.jsonl-00065-of-00099.gz
https://storage.googleapis.com/gresearch/dialog-inpainting/WikiDialog_OQ/data_train.jsonl-00066-of-00099.gz	75688212	d885229c296bfc9964c91323be62989a93a7a9f02986cae498fba8417f7b19c0	data_train.jsonl-00066-of-00099.gz
https://storage.googleapis.com/gresearch/dialog-inpainting/WikiDialog_OQ/data_train.jsonl-00067-of-00099.gz	76201893	e2e868d5617e83752889d1d5debc613d72b4bcfca05ee7148f7b62d7606570dd	data_train.jsonl-00067-of-00099.gz
https://storage.googleapis.com/gresearch/dialog-inpainting/WikiDialog_OQ/data_train.jsonl-00068-of-00099.gz	75677329	1ac51120c74c270c03b59f19431cb64676fa71859816f9228b9ae4b6568115fc	data_train.jsonl-00068-of-00099.gz
https://storage.googleapis.com/gresearch/dialog-inpainting/WikiDialog_OQ/data_train.jsonl-00069-of-00099.gz	75780872	e65e6da1dbd71ccd25820c7628219c4a6a219412f57bfda1b9304b38ee342ba8	data_train.jsonl-00069-of-00099.gz
https://storage.googleapis.com/gresearch/dialog-inpainting/WikiDialog_OQ/data_train.jsonl-00070-of-00099.gz	75653882	350f871f60b5a24c8c885a5d8fd6dec4dbbe509a30feaee0cbdc544c916a9cd9	data_train.jsonl-00070-of-00099.gz
https://storage.googleapis.com/gresearch/dialog-inpainting/WikiDialog_OQ/data_train.jsonl-00071-of-00099.gz	75750954	a531e8e8009928873272bb2e7f1b56b8408a46369ba885de9925614ea055dff6	data_train.jsonl-00071-of-00099.gz
https://storage.googleapis.com/gresearch/dialog-inpainting/WikiDialog_OQ/data_train.jsonl-00072-of-00099.gz	75375115	044ac749827d60f35989d0012b29b67138637eae3d9532087f2f22ccc4862b21	data_train.jsonl-00072-of-00099.gz
https://storage.googleapis.com/gresearch/dialog-inpainting/WikiDialog_OQ/data_train.jsonl-00073-of-00099.gz	75696605	bd08db6f62292af6311866e5ebded1ff4f009660e8aa067247f7312182ec56ef	data_train.jsonl-00073-of-00099.gz
https://storage.googleapis.com/gresearch/dialog-inpainting/WikiDialog_OQ/data_train.jsonl-00074-of-00099.gz	75438917	29ea10d4273fd5ed5971e837e9f1bcc579381afd7adf92ac80a590e463861561	data_train.jsonl-00074-of-00099.gz
https://storage.googleapis.com/gresearch/dialog-inpainting/WikiDialog_OQ/data_train.jsonl-00075-of-00099.gz	75234806	572765249236c0b1719604da40c0d44720bfc645b09b26229131c9ca5bb32e51	data_train.jsonl-00075-of-00099.gz
https://storage.googleapis.com/gresearch/dialog-inpainting/WikiDialog_OQ/data_train.jsonl-00076-of-00099.gz	75424780	14958a875b0398d3d756575530906bcd8a2a4bac3daf1927dea25df3d126d3eb	data_train.jsonl-00076-of-00099.gz
https://storage.googleapis.com/gresearch/dialog-inpainting/WikiDialog_OQ/data_train.jsonl-00077-of-00099.gz	75951236	658199ba9b752413120722390cb033cdeb71783111ad84793bd1ed365679f037	data_train.jsonl-00077-of-00099.gz
https://storage.googleapis.com/gresearch/dialog-inpainting/WikiDialog_OQ/data_train.jsonl-00078-of-00099.gz	75364261	93bb2faa031d8fcd53a74e78b070cadcd48244381d0b3f5b4108ec42601621aa	data_train.jsonl-00078-of-00099.gz
https://storage.googleapis.com/gresearch/dialog-inpainting/WikiDialog_OQ/data_train.jsonl-00079-of-00099.gz	75829342	1b941549c381a13b5a7b25755df78406818cab79a480da2bffb646c0c45c6675	data_train.jsonl-00079-of-00099.gz
https://storage.googleapis.com/gresearch/dialog-inpainting/WikiDialog_OQ/data_train.jsonl-00080-of-00099.gz	75751790	a97448cca858b05724f7afe0710b17bf0ef5f3c913899c1122054b02766401c8	data_train.jsonl-00080-of-00099.gz
https://storage.googleapis.com/gresearch/dialog-inpainting/WikiDialog_OQ/data_train.jsonl-00081-of-00099.gz	75835373	6f313946cc4eff272aa5395afdab4f9e1890a730bb5607fb9fcc7b6937adfc1a	data_train.jsonl-00081-of-00099.gz
https://storage.googleapis.com/gresearch/dialog-inpainting/WikiDialog_OQ/data_train.jsonl-00082-of-00099.gz	75683272	ac4baa677a7b2e362107eb4fa94a239f94a3cc7c09a6808d22f927039e52a098	data_train.jsonl-00082-of-00099.gz
https://storage.googleapis.com/gresearch/dialog-inpainting/WikiDialog_OQ/data_train.jsonl-00083-of-00099.gz	76196788	b0181b57f6cfcdc2cb32c24d9092ba324df15d21d4cb2352a873a1a6722b6a5e	data_train.jsonl-00083-of-00099.gz
https://storage.googleapis.com/gresearch/dialog-inpainting/WikiDialog_OQ/data_train.jsonl-00084-of-00099.gz	75713371	86a194acab2ec8cd3e053b4f19767fba315f8da2513a1ad889de40b68d49af7a	data_train.jsonl-00084-of-00099.gz
https://storage.googleapis.com/gresearch/dialog-inpainting/WikiDialog_OQ/data_train.jsonl-00085-of-00099.gz	75560263	4cd252930de13511834cc1838280d74428cc207c26e47be6019203a68587c30d	data_train.jsonl-00085-of-00099.gz
https://storage.googleapis.com/gresearch/dialog-inpainting/WikiDialog_OQ/data_train.jsonl-00086-of-00099.gz	75525178	ca8ec8f835712f41d0aea915065df6f267e2515aaae7f851bedde689ab4c3cae	data_train.jsonl-00086-of-00099.gz
https://storage.googleapis.com/gresearch/dialog-inpainting/WikiDialog_OQ/data_train.jsonl-00087-of-00099.gz	75431725	4736902183b81fdf8f3ad2dc8f004c10d2357b52fc3c08d4fb19a2a5656bed21	data_train.jsonl-00087-of-00099.gz
https://storage.googleapis.com/gresearch/dialog-inpainting/WikiDialog_OQ/data_train.jsonl-00088-of-00099.gz	75589598	59b6ae44ff2a58230596bd397e5f2ecf55a6b31651e4cd3ec54b95fba065703e	data_train.jsonl-00088-of-00099.gz
https://storage.googleapis.com/gresearch/dialog-inpainting/WikiDialog_OQ/data_train.jsonl-00089-of-00099.gz	75243418	d30c8ed2ad59957d73f6dc16220b87daf559b48b99b65ae97d42973dcbcc827d	data_train.jsonl-00089-of-00099.gz
https://storage.googleapis.com/gresearch/dialog-inpainting/WikiDialog_OQ/data_train.jsonl-00090-of-00099.gz	75747159	f3f469f185e6029ed5774ac83dfb54aacad0a94eba8f70fcee6dfd0a6931af3f	data_train.jsonl-00090-of-00099.gz
https://storage.googleapis.com/gresearch/dialog-inpainting/WikiDialog_OQ/data_train.jsonl-00091-of-00099.gz	75555083	359bfaa288ee38798665b74ec255f054b8a666e7d9112af3d8a148c856881dae	data_train.jsonl-00091-of-00099.gz
https://storage.googleapis.com/gresearch/dialog-inpainting/WikiDialog_OQ/data_train.jsonl-00092-of-00099.gz	75705244	54ede164c743898c0bd4036b424a762aa389bd2eb507cd3e57e8c9475873e7b3	data_train.jsonl-00092-of-00099.gz
https://storage.googleapis.com/gresearch/dialog-inpainting/WikiDialog_OQ/data_train.jsonl-00093-of-00099.gz	75555578	8b7b5c9ee9ffdf467b1a4b42f87af67cdb0d38955d65bd57976006d807d97fe3	data_train.jsonl-00093-of-00099.gz
https://storage.googleapis.com/gresearch/dialog-inpainting/WikiDialog_OQ/data_train.jsonl-00094-of-00099.gz	75497002	877ad4e7e3431f9fc248e3991eb2c6e7b5dc635193d44a6c2b35d9010eeddb67	data_train.jsonl-00094-of-00099.gz
https://storage.googleapis.com/gresearch/dialog-inpainting/WikiDialog_OQ/data_train.jsonl-00095-of-00099.gz	75168901	5ddf0da9edfb92c33293542663d23c95c45537d9f8fa1c5d67ca4d5da98e6841	data_train.jsonl-00095-of-00099.gz
https://storage.googleapis.com/gresearch/dialog-inpainting/WikiDialog_OQ/data_train.jsonl-00096-of-00099.gz	75360200	daf40799220ff916ef28fbbe41fd2f19f601b57d635f2194be17e094dd7100e3	data_train.jsonl-00096-of-00099.gz
https://storage.googleapis.com/gresearch/dialog-inpainting/WikiDialog_OQ/data_train.jsonl-00097-of-00099.gz	75739818	97ca03836e0f02bc9bd0b65e7e9a5f0bd17f05d7fa55cd92834924e74bd1258c	data_train.jsonl-00097-of-00099.gz
https://storage.googleapis.com/gresearch/dialog-inpainting/WikiDialog_OQ/data_train.jsonl-00098-of-00099.gz	75663904	563812547c365e6fc9981e94ea52c2d51988da5c8c8cac9bbc0fccd4263f52ce	data_train.jsonl-00098-of-00099.gz
https://storage.googleapis.com/gresearch/dialog-inpainting/WikiDialog_OQ/data_validation.jsonl.gz	75531393	738e33acc749b90510d840b1871cd6235b3da7195c7821562cf3f495834abc0c	data_validation.jsonl.gz
